Source,Date,Text,Positive,Neutral,Negative,Compound,Tweets Ago
BBCWorld,Tue Aug 28 23:32:51 +0000 2018,Chemnitz protests: Far-right on march in east Germany https://t.co/pxoNnD0jo1,0.0,0.808,0.192,-0.2263,1
BBCWorld,Tue Aug 28 22:24:35 +0000 2018,"Puerto Rico increases Hurricane Maria death toll to 2,975 https://t.co/mwKJ0Jg1hP",0.0,0.698,0.302,-0.5994,2
BBCWorld,Tue Aug 28 21:35:18 +0000 2018,Didi blames 'ignorance and pride' for carpool murder https://t.co/3WXOvFQz7E,0.139,0.289,0.572,-0.8176,3
BBCWorld,Tue Aug 28 21:12:44 +0000 2018,Canada police arrest teen suspected in German tourist shooting https://t.co/cmalU450UG,0.0,0.65,0.35,-0.5106,4
BBCWorld,Tue Aug 28 21:09:54 +0000 2018,Scallop war: French and British boats clash in Channel https://t.co/rSmYf8wafE,0.0,0.698,0.302,-0.5994,5
BBCWorld,Tue Aug 28 21:00:58 +0000 2018,Morocco: Arrests made in Khadija rape and torture case https://t.co/Kq3RaEGeRk,0.0,0.378,0.622,-0.91,6
BBCWorld,Tue Aug 28 20:20:41 +0000 2018,Nafta: Clock is ticking for Canada in US trade negotiations https://t.co/hIeWqEAOPY,0.0,1.0,0.0,0.0,7
BBCWorld,Tue Aug 28 20:09:31 +0000 2018,Protests as police woman who shot man teaches class on shootings https://t.co/WIAl9SXvUK,0.0,0.853,0.147,-0.2263,8
BBCWorld,Tue Aug 28 18:12:55 +0000 2018,"Russia's massive military drills justified given ""aggressive and unfriendly"" attitudes towards country

https://t.co/70qVOoHVuD",0.161,0.595,0.244,-0.1027,9
BBCWorld,Tue Aug 28 17:43:44 +0000 2018,"Comedians hit out at Louis CK's stand-up return

https://t.co/qZRQIarZfW",0.216,0.784,0.0,0.296,10
BBCWorld,Tue Aug 28 17:01:36 +0000 2018,"ü•äü•ä

KSI vs Logan Paul: Boxing match shows ""how far YouTubers have come"" 

https://t.co/gTl8AWARFu #KSIvsLogan",0.0,1.0,0.0,0.0,11
BBCWorld,Tue Aug 28 16:54:35 +0000 2018,"Five US cops who were recorded pummelling an unarmed man will not face any charges, authorities have announced https://t.co/jQqK9XukPM",0.092,0.908,0.0,0.2057,12
BBCWorld,Tue Aug 28 16:32:35 +0000 2018,"A former Vatican diplomat who accused the Pope of covering up reports of clerical sex abuse has fled Italy ""in fear‚Ä¶ https://t.co/OHXxznVB0N",0.0,0.748,0.252,-0.7506,13
BBCWorld,Tue Aug 28 16:19:22 +0000 2018,"RT @BBCSport: Kevin Strootman has joined Marseille from Roma in a ‚Ç¨25m (¬£22.7m) deal.

üëâ https://t.co/qi5uD4AGJi https://t.co/NlA6dGfRxe",0.0,1.0,0.0,0.0,14
BBCWorld,Tue Aug 28 15:52:09 +0000 2018,"After a minister quit on live radio, who's left in Emmanuel Macron's top team? https://t.co/ZQurvrPznX",0.122,0.878,0.0,0.2023,15
BBCWorld,Tue Aug 28 15:24:50 +0000 2018,"RT @BBCSport: ‚ö°

Usain Bolt is finally set to make his football debut.

üëâ https://t.co/dHxehPSNLm https://t.co/1inxfHMXyR",0.0,1.0,0.0,0.0,16
BBCWorld,Tue Aug 28 15:24:17 +0000 2018,RT @BBCNorthAmerica: Mollie Tibbetts' death is the latest tragedy to highlight the issues female joggers face in the US. Have you experienc‚Ä¶,0.081,0.64,0.279,-0.7845,17
BBCWorld,Tue Aug 28 14:46:42 +0000 2018,"When Warren Buffet isn't Warren Buffett

https://t.co/7sHs6bSBLq",0.0,1.0,0.0,0.0,18
BBCWorld,Tue Aug 28 14:14:10 +0000 2018,"RT @VictoriaLIVE: ""They're living in absolute squalor.""

MSF worker, Myriam Abdel-Basit, on the Greek refugee camp where children as young‚Ä¶",0.0,1.0,0.0,0.0,19
BBCWorld,Tue Aug 28 13:55:58 +0000 2018,"Florida video game gunman had history of mental illness, court records reveal

https://t.co/uSkDm7qZja",0.0,0.816,0.184,-0.4019,20
BBCWorld,Tue Aug 28 13:45:49 +0000 2018,"RT @BBC_HaveYourSay: Louis CK has performed stand-up comedy for the first time since admitting to several instances of sexual misconduct

h‚Ä¶",0.111,0.889,0.0,0.3612,21
BBCWorld,Tue Aug 28 13:32:46 +0000 2018,"""I thought she wasn't even alive"" 

Father's joy at voice of abducted daughter

https://t.co/hVWiPggaFk",0.187,0.542,0.27,-0.1739,22
BBCWorld,Tue Aug 28 12:11:27 +0000 2018,"Russia plans to hold its biggest war games since the Cold War next month, with 300,000 military personnel involved https://t.co/99yntoIdDP",0.0,0.698,0.302,-0.8316,23
BBCWorld,Tue Aug 28 11:45:27 +0000 2018,"#ArethaFranklin fans gather to say goodbye to their idol 

https://t.co/i1x8UbzEkV

Thread üëáüé§ https://t.co/zoofdGA8Op",0.0,1.0,0.0,0.0,24
BBCWorld,Tue Aug 28 11:25:04 +0000 2018,"Avicii's family turn his official website into digital memory board 

https://t.co/Hv1zrzsBMP",0.0,1.0,0.0,0.0,25
BBCWorld,Tue Aug 28 10:34:47 +0000 2018,"RT @BBCNews: Theresa May dances with school children during her South Africa visit

https://t.co/hW8S23GsNd https://t.co/nQNXquroKH",0.0,1.0,0.0,0.0,26
BBCWorld,Tue Aug 28 10:34:04 +0000 2018,"Man held after Paris attack on woman he'd allegedly harassed  

https://t.co/24ytKaPt4C",0.0,0.577,0.423,-0.765,27
BBCWorld,Tue Aug 28 10:13:56 +0000 2018,"French minister Nicolas Hulot surprises President Emmanuel Macron with resignation on live radio

https://t.co/hUa2AtuA77",0.118,0.745,0.137,-0.0772,28
BBCWorld,Tue Aug 28 09:51:44 +0000 2018,"RT @bbcworldservice: Tomisin Ogunnubi was just 12 when she created an app which helps lost children in Nigeria. 
More here: https://t.co/vW‚Ä¶",0.185,0.723,0.092,0.3182,29
BBCWorld,Tue Aug 28 07:58:18 +0000 2018,"RT @BBCSport: Johanna Konta, Roger Federer and Novak Djokovic all begin their US Open campaigns today.

The Swiss great is looking to break‚Ä¶",0.157,0.843,0.0,0.6249,30
BBCWorld,Tue Aug 28 07:58:11 +0000 2018,RT @BBCSteveR: One Russian newspaper today claims Moscow is assembling an ‚Äúunprecedented‚Äù naval force in the Mediterranean: ‚Äú10 ships (&amp; mo‚Ä¶,0.0,1.0,0.0,0.0,31
BBCWorld,Tue Aug 28 06:41:05 +0000 2018,Myanmar Rohingya: Why Facebook banned an army chief https://t.co/kOjvjFR1gW,0.0,0.727,0.273,-0.4588,32
BBCWorld,Tue Aug 28 02:57:34 +0000 2018,Malcolm Turnbull: Australian ex-PM 'to quit parliament' https://t.co/cMY1GALOmH,0.0,1.0,0.0,0.0,33
BBCWorld,Mon Aug 27 23:46:40 +0000 2018,Left behind: How Venezuela crisis is tearing families apart https://t.co/WAYjqIeRtk,0.0,0.687,0.313,-0.6249,34
BBCWorld,Mon Aug 27 23:41:13 +0000 2018,May's mission to woo Africa after Brexit https://t.co/X05V7mWFGT,0.307,0.693,0.0,0.4767,35
BBCWorld,Mon Aug 27 23:38:15 +0000 2018,Children 'ready to flee‚Äô violence at Greek refugee camp https://t.co/x6Z07im3Yi,0.171,0.548,0.281,-0.3818,36
BBCWorld,Mon Aug 27 21:45:35 +0000 2018,Student loan watchdog: US 'turned its back' on students https://t.co/C80uyX33XJ,0.0,1.0,0.0,0.0,37
BBCWorld,Mon Aug 27 21:42:29 +0000 2018,Vanesa Campos: Five charged with murdering Paris transgender prostitute https://t.co/p2MxeaEgZI,0.0,0.567,0.433,-0.7269,38
BBCWorld,Mon Aug 27 19:05:06 +0000 2018,Germany migrants: Protesters face off in Chemnitz https://t.co/1mxXiC1LT4,0.0,0.787,0.213,-0.2263,39
BBCWorld,Mon Aug 27 18:38:51 +0000 2018,John McCain: The angry politics of late senator's death https://t.co/6Pxcc8ioDK,0.0,0.526,0.474,-0.802,40
BBCWorld,Mon Aug 27 18:02:25 +0000 2018,Pope Francis' Skoda donated to homeless charity https://t.co/w8i9Wovd8U,0.286,0.714,0.0,0.4215,41
BBCWorld,Mon Aug 27 17:26:13 +0000 2018,"US boy, 9, killed himself after homophobic bullying, mum says https://t.co/XA45wmoFPb",0.0,0.517,0.483,-0.8555,42
BBCWorld,Mon Aug 27 16:51:45 +0000 2018,Myanmar Rohingya: What will happen next after damning UN report? https://t.co/6vPlFNWw5b,0.0,0.806,0.194,-0.34,43
BBCWorld,Mon Aug 27 16:48:51 +0000 2018,Tuam babies: Church must address 'shameful chapter' https://t.co/J9kKJfIyoO,0.0,0.686,0.314,-0.4939,44
BBCWorld,Mon Aug 27 16:32:04 +0000 2018,"RT @bbctennis: Kaia Kanepi has done it! 

A shock result as world number 1 Simona Halep crashes out at the first hurdle 6-2 6-4. 

Live: ht‚Ä¶",0.05,0.84,0.11,-0.3802,45
BBCWorld,Mon Aug 27 16:19:07 +0000 2018,Saad Lamjarred: Moroccan singer faces third rape charge https://t.co/tibNiF1jvD,0.0,0.63,0.37,-0.6908,46
BBCWorld,Mon Aug 27 16:07:47 +0000 2018,"Just when you thought it was safe to go back in the water... üê¨

https://t.co/nBkeOkDi2a",0.172,0.828,0.0,0.4404,47
BBCWorld,Mon Aug 27 15:58:09 +0000 2018,Jos Brech was identified as a suspect after the Netherlands' biggest ever DNA harvesting operation https://t.co/sR3zf8cPh0,0.0,0.864,0.136,-0.296,48
BBCWorld,Mon Aug 27 15:50:03 +0000 2018,John McCain: White House urged to lower flags for senator https://t.co/xzsNZO6awn,0.0,0.82,0.18,-0.296,49
BBCWorld,Mon Aug 27 15:42:18 +0000 2018,RT @BBCBusiness: US-Mexico reach NAFTA breakthrough https://t.co/4pMLFXJHNh,0.155,0.845,0.0,0.0258,50
BBCWorld,Mon Aug 27 14:23:54 +0000 2018,"RT @BBCSteveR: Russian opposition politician Alexei Navalny has been sentenced to 30 days behind bars: on paper, it‚Äôs for a street protest‚Ä¶",0.0,0.948,0.052,-0.0258,51
BBCWorld,Mon Aug 27 13:15:21 +0000 2018,Florida shooting: Gaming community reacts https://t.co/pY4vjZnZBe,0.0,1.0,0.0,0.0,52
BBCWorld,Mon Aug 27 13:07:11 +0000 2018,Uganda's Bobi Wine crisis: Court frees pop star MP https://t.co/rQnCMYa2GF,0.154,0.559,0.287,-0.4404,53
BBCWorld,Mon Aug 27 12:35:37 +0000 2018,Back to the (really) old school https://t.co/ZXjvclk1hX,0.0,1.0,0.0,0.0,54
BBCWorld,Mon Aug 27 12:15:51 +0000 2018,Why are some Iranians running out of hope? https://t.co/NsxYI5IKhe https://t.co/rCFXfS9u6J,0.244,0.756,0.0,0.4404,55
BBCWorld,Mon Aug 27 11:52:52 +0000 2018,"Chale Wote art festival takes over Ghana's capital, Accra https://t.co/EpNO8pijna",0.262,0.738,0.0,0.4939,56
BBCWorld,Mon Aug 27 11:47:14 +0000 2018,People in Morocco shocked over brutal rape allegations https://t.co/aem9OoaZzy,0.0,0.351,0.649,-0.9022,57
BBCWorld,Mon Aug 27 11:45:31 +0000 2018,"More than 50 years on, the Democratic Party's national convention of 1968 continues to haunt the party and cast a s‚Ä¶ https://t.co/NVAVoNFbnF",0.111,0.779,0.111,0.0,58
BBCWorld,Mon Aug 27 11:20:24 +0000 2018,Brest frisky dolphin sparks French swimming ban https://t.co/G3pQeVsqeI,0.172,0.517,0.31,-0.3818,59
BBCWorld,Mon Aug 27 11:12:12 +0000 2018,Iran urges UN court to halt US reimposed nuclear sanctions https://t.co/G3Pn1JL4b7,0.0,1.0,0.0,0.0,60
BBCWorld,Mon Aug 27 10:46:01 +0000 2018,Muslim men have been swapping clothes with non-Muslim men as part of a project to fight stereotypes‚Ä¶ https://t.co/3Pr4EnSHJ7,0.0,0.86,0.14,-0.3818,61
BBCWorld,Mon Aug 27 10:32:27 +0000 2018,"The UN report is also fiercely critical of Myanmar's de facto leader, Aung San Suu Kyi https://t.co/fiUaGph4ED",0.0,0.874,0.126,-0.3182,62
BBCWorld,Mon Aug 27 10:28:37 +0000 2018,German far-right street mob alarms police in Chemnitz https://t.co/750Z7Nppsd,0.0,0.792,0.208,-0.2732,63
BBCWorld,Mon Aug 27 10:03:52 +0000 2018,Florida shooting: Video gamers killed by rival at tournament https://t.co/SWoWDfalhR,0.0,0.667,0.333,-0.6705,64
BBCWorld,Mon Aug 27 09:50:20 +0000 2018,Thieves replace Paraguay police rifles with toy replicas https://t.co/Xcvahi2DIt,0.0,0.708,0.292,-0.5106,65
BBCWorld,Mon Aug 27 09:24:10 +0000 2018,"RT @BBCSport: ""A deafening silence of 43 minutes, one for each child, worker, student, father or mother who are no longer with us today"".‚Ä¶",0.0,0.833,0.167,-0.5267,66
BBCWorld,Mon Aug 27 09:20:59 +0000 2018,Pope 'moved and shocked' by meetings with abuse victims https://t.co/8qhy7aOnbY,0.0,0.443,0.557,-0.8316,67
BBCWorld,Mon Aug 27 09:16:34 +0000 2018,Witnesses describe the moment a gunman opened fire at a video game tournament in Florida https://t.co/6QO8xL4rxG https://t.co/641SiGPsgI,0.0,0.854,0.146,-0.34,68
BBCWorld,Mon Aug 27 08:57:39 +0000 2018,üö≤üö≤üö≤ https://t.co/vuFW9P7pcS,0.0,1.0,0.0,0.0,69
BBCWorld,Mon Aug 27 07:57:46 +0000 2018,Australia: Crocodile swamp search a 'people smuggling' case https://t.co/SbCGKio3C4,0.0,0.693,0.307,-0.4767,70
BBCWorld,Mon Aug 27 07:46:48 +0000 2018,"RT @bbcworldservice: ""I hope he doesn't come in here because, if he does, then I'm going to die"" 
A survivor of the shooting in Jacksonvill‚Ä¶",0.178,0.693,0.129,0.128,71
BBCWorld,Mon Aug 27 07:36:42 +0000 2018,"Myanmar military leaders must face genocide charges, says UN https://t.co/U28aXtAFO9",0.0,0.811,0.189,-0.2732,72
BBCWorld,Mon Aug 27 07:28:37 +0000 2018,UK wife killer to be repatriated to India https://t.co/XYOgGNrAfv,0.0,0.65,0.35,-0.6486,73
BBCWorld,Mon Aug 27 02:39:28 +0000 2018,North Korea grants humanitarian release to Japanese tourist https://t.co/PNkDSuhbAg,0.192,0.808,0.0,0.2263,74
BBCWorld,Mon Aug 27 02:24:00 +0000 2018,Pope keeps silent on abuse claim letter at end of Irish visit https://t.co/Ni1gxFxWZR,0.0,0.741,0.259,-0.6369,75
BBCWorld,Mon Aug 27 01:27:15 +0000 2018,Myanmar Reuters journalists Wa Lone and Kyaw Soe Oo await verdict https://t.co/rccFV47cQz,0.213,0.638,0.149,-0.0258,76
BBCWorld,Mon Aug 27 00:53:25 +0000 2018,Colombia anti-corruption referendum fails to meet quorum https://t.co/ClpuO5E6y7,0.0,0.714,0.286,-0.4215,77
BBCWorld,Sun Aug 26 23:14:45 +0000 2018,Sri Lanka mass grave: Dozens of skeletons found in Mannar https://t.co/dyAjh9g8Fu,0.0,0.794,0.206,-0.3818,78
BBCWorld,Sun Aug 26 18:42:55 +0000 2018,"Mass shooting in Jacksonville, Florida https://t.co/hlxQQ4IJoU",0.0,1.0,0.0,0.0,79
BBCWorld,Sun Aug 26 17:57:02 +0000 2018,When the Pope asked Ireland for forgiveness https://t.co/E1zMBHGzZp,0.231,0.769,0.0,0.2732,80
BBCWorld,Sun Aug 26 16:49:09 +0000 2018,"""He was always willing to speak truth to power"" - Tributes to John McCain

https://t.co/VoG3VTnCRu https://t.co/QehdNdHnic",0.141,0.859,0.0,0.3182,81
BBCWorld,Sun Aug 26 16:45:16 +0000 2018,RT @BBCNews: Neil Simon: Celebrated US playwright dies aged 91 https://t.co/S6Ew4Qk73Q,0.27,0.73,0.0,0.5719,82
BBCWorld,Sun Aug 26 16:14:40 +0000 2018,Papal visit: Vigils remember Church abuse victims https://t.co/5rKkCShAxz,0.0,0.48,0.52,-0.7579,83
BBCWorld,Sun Aug 26 15:49:27 +0000 2018,German town evacuated over WW2 bomb https://t.co/ALnTTHQFIC,0.0,0.652,0.348,-0.4939,84
BBCWorld,Sun Aug 26 15:26:39 +0000 2018,Can man's best friend help take down the ivory trade? üêïüêò https://t.co/83K8s0IkOA,0.529,0.471,0.0,0.8779,85
BBCWorld,Sun Aug 26 15:26:35 +0000 2018,"RT @BBCNews: Egypt hotel deaths: ""As soon as they went into the bedroom my daughter said she could smell something funny - that wasn't righ‚Ä¶",0.112,0.888,0.0,0.4404,86
BBCWorld,Sun Aug 26 15:20:21 +0000 2018,"RT @bbcworldservice: ""Entangled in a fishing net... it was as torturously sad as anything I've ever seen in my whole life."" The race to sav‚Ä¶",0.0,0.777,0.223,-0.743,87
BBCWorld,Sun Aug 26 14:44:33 +0000 2018,"RT @bbcf1: üá©üá™ Sebastian Vettel wins! 

Lewis Hamilton finishes second, meaning his lead at the top is cut from 24 points to 17.

Live #Belg‚Ä¶",0.194,0.736,0.07,0.5707,88
BBCWorld,Sun Aug 26 14:35:06 +0000 2018,Afghanistan Islamic State leader 'killed in air strike' https://t.co/SSeOPBElfN,0.0,0.538,0.462,-0.7184,89
BBCWorld,Sun Aug 26 14:07:01 +0000 2018,"RT @BBCNewsNI: ""I was disappointed there isn't going to be a more open and transparent accountability process."" Marie Collins was one of th‚Ä¶",0.0,0.871,0.129,-0.4767,90
BBCWorld,Sun Aug 26 13:46:00 +0000 2018,Australia: Illegal boat runs aground in Queensland crocodile swamp https://t.co/gM9OCV2sPG,0.0,0.714,0.286,-0.5574,91
BBCWorld,Sun Aug 26 12:37:00 +0000 2018,"These endangered birds have no sense of direction, so conservationists came up with a novel way to get them home...‚Ä¶ https://t.co/euDXjyNNHL",0.102,0.8,0.098,0.0258,92
BBCWorld,Sun Aug 26 12:04:12 +0000 2018,Iran MPs vote to remove economy minister amid financial crisis https://t.co/8awQ4Nx6rx,0.0,0.709,0.291,-0.6249,93
BBCWorld,Sun Aug 26 11:45:40 +0000 2018,Asian Games: Unified Korea boating team win historic gold https://t.co/mvFQFtOgeq,0.444,0.556,0.0,0.7506,94
BBCWorld,Sun Aug 26 11:20:32 +0000 2018,John McCain: Tributes as Vietnam veteran and six-term senator dies at 81 https://t.co/zzoGkvexyG,0.0,1.0,0.0,0.0,95
BBCWorld,Sun Aug 26 11:06:25 +0000 2018,"It's hard to imagine... but turtles didn't always have shells üê¢

https://t.co/JPw7CqVCck https://t.co/eylvFfokzN",0.0,0.909,0.091,-0.0516,96
BBCWorld,Sun Aug 26 11:01:12 +0000 2018,Five times McCain clashed with Trump https://t.co/9roNpZ3vXX,0.0,1.0,0.0,0.0,97
BBCWorld,Sun Aug 26 10:37:35 +0000 2018,Zimbabwe election: Mnangagwa sworn in as dispute continues https://t.co/YDvuVulh5n,0.0,0.748,0.252,-0.4019,98
BBCWorld,Sun Aug 26 09:51:19 +0000 2018,"Pope Francis asks for ""firm and decisive"" action to secure ""truth and justice"" for survivors of clerical abuse, dur‚Ä¶ https://t.co/04DNyxD4Cg",0.342,0.514,0.144,0.5859,99
BBCWorld,Sun Aug 26 09:33:53 +0000 2018,"Pope Francis must ""get his head around"" the struggles of those who have suffered clerical sex abuse, says one survi‚Ä¶ https://t.co/4jktBfVkYi",0.0,0.645,0.355,-0.872,100
CBSNews,Tue Aug 28 23:20:51 +0000 2018,Hurricane Maria now stands as one of the deadliest natural disasters in U.S. history after a new report said its de‚Ä¶ https://t.co/RXMchoIDFD,0.1,0.757,0.143,-0.2732,1
CBSNews,Tue Aug 28 23:09:47 +0000 2018,WATCH NOW: The governor of Puerto Rico @ricardorossello is speaking to CBS News' @DavidBegnaud about a new report r‚Ä¶ https://t.co/PsEYA1cY2o,0.0,1.0,0.0,0.0,2
CBSNews,Tue Aug 28 23:07:09 +0000 2018,RT @DavidBegnaud: We are live now with the Governor of Puerto Rico Ricardo Rossello https://t.co/nQQaBWEs9o,0.0,1.0,0.0,0.0,3
CBSNews,Tue Aug 28 23:05:53 +0000 2018,"RT @CBSEveningNews: Her spunky spirit and dance moves captured the heart of the country - and @Drake. 

And Monday, 11-year-old Sofia Sanch‚Ä¶",0.078,0.922,0.0,0.1779,4
CBSNews,Tue Aug 28 23:05:09 +0000 2018,Thousands pay their respects to the ‚ÄúQueen of Soul‚Äù Aretha Franklin as the star‚Äôs public viewing begins in Detroit.‚Ä¶ https://t.co/gsxB9lVytT,0.106,0.829,0.065,0.2263,5
CBSNews,Tue Aug 28 23:00:12 +0000 2018,"RT @DavidBegnaud: Tonight at 7 PM Eastern I will interview the Governor of Puerto Rico, live, following the news today that he has raised t‚Ä¶",0.0,1.0,0.0,0.0,6
CBSNews,Tue Aug 28 22:57:40 +0000 2018,"RT @CBSEveningNews: Inside the infamously brutal ‚ÄúHanoi Hilton‚Äù prison, John McCain shared a cell block with John Fer. 

On Sunday, Fer, a‚Ä¶",0.081,0.572,0.347,-0.836,7
CBSNews,Tue Aug 28 22:55:58 +0000 2018,‚ÄúHe was¬†successful in spite of his¬†failures‚Äù: Sen. Graham delivers  a tearful remembrance of his colleague the late‚Ä¶ https://t.co/lxHj52CWoz,0.157,0.702,0.14,0.1027,8
CBSNews,Tue Aug 28 22:54:54 +0000 2018,"Polls are closing soon in Florida, where Gov. Rick Scott is looking to secure a nomination in his Senate bid. Follo‚Ä¶ https://t.co/3fYMUSvXYE",0.107,0.893,0.0,0.34,9
CBSNews,Tue Aug 28 22:51:05 +0000 2018,"Pennsylvania Atty. General, whose investigation into the Catholic Church revealed over 300 ‚Äúpredator priests‚Äù in hi‚Ä¶ https://t.co/vBGcTsBTKZ",0.0,1.0,0.0,0.0,10
CBSNews,Tue Aug 28 22:47:24 +0000 2018,Hurricane Maria will go down as one of the deadliest natural disasters in U.S. history after the official toll went‚Ä¶ https://t.co/DurSqMVWOA,0.1,0.757,0.143,-0.2732,11
CBSNews,Tue Aug 28 22:43:20 +0000 2018,"A white police officer in Texas was found guilty of murder in the fatal shooting Jordan Edwards, an unarmed black t‚Ä¶ https://t.co/EElBGUEEAD",0.0,0.621,0.379,-0.9001,12
CBSNews,Tue Aug 28 22:15:30 +0000 2018,"RT @DavidBegnaud: Moment ago, on CBSN, San Juan Puerto Rico Mayor @CarmenYulinCruz blasted the Governor for not firing people involved in i‚Ä¶",0.088,0.912,0.0,0.2584,13
CBSNews,Tue Aug 28 22:04:45 +0000 2018,"Facing a standstill in diplomatic efforts with the North Korea, Secretary of Defense Jim Mattis says there are no f‚Ä¶ https://t.co/w7MDYNfBcB",0.069,0.829,0.101,-0.1779,14
CBSNews,Tue Aug 28 21:49:46 +0000 2018,"Opening statements in Paul Manafort's second trial to begin September 24, judge says. Manafort faces seven counts t‚Ä¶ https://t.co/5ZvLIfaggo",0.0,1.0,0.0,0.0,15
CBSNews,Tue Aug 28 21:35:08 +0000 2018,PSL PSA: The Pumpkin Spice Latte is back -- earlier than ever. https://t.co/bF482EiDzG,0.0,1.0,0.0,0.0,16
CBSNews,Tue Aug 28 21:19:35 +0000 2018,"Mourners paid their final respects to Aretha Franklin at the Wright Museum in Detroit, as part of a two-day public‚Ä¶ https://t.co/HDh0ma7uyJ",0.1,0.779,0.121,-0.128,17
CBSNews,Tue Aug 28 21:04:30 +0000 2018,"Eddie Murphy is expecting his 10th child, his second with girlfriend Paige Butcher https://t.co/XFYacUOmjr https://t.co/x7HVLE7Spw",0.0,1.0,0.0,0.0,18
CBSNews,Tue Aug 28 20:50:12 +0000 2018,"STDS ON THE RISE: Cases of gonorrhea, syphilis and chlamydia all increased in 2017, making it the fourth straight y‚Ä¶ https://t.co/ES03RMIDd6",0.174,0.826,0.0,0.4588,19
CBSNews,Tue Aug 28 20:22:23 +0000 2018,"A white former police officer who fatally shot unarmed black man in 2016 to teach class on ""surviving the aftermath‚Ä¶ https://t.co/90lPSxHFbH",0.09,0.738,0.172,-0.4588,20
CBSNews,Tue Aug 28 20:04:50 +0000 2018,"Longtime Oklahoma City mayor Mick Cornett, Gateway Mortgage Company founder Kevin Stitt face off in governor GOP ru‚Ä¶ https://t.co/wsQ3vXGORP",0.0,1.0,0.0,0.0,21
CBSNews,Tue Aug 28 19:49:46 +0000 2018,A white former Texas police officer found guilty of murder for fatally shooting an unarmed black teenager as he lef‚Ä¶ https://t.co/1zou8qp8XE,0.0,0.592,0.408,-0.9136,22
CBSNews,Tue Aug 28 19:30:28 +0000 2018,FOUL ON THE PLAY: President Trump met with the president of FIFA today and was gifted a stack of red cards for when‚Ä¶ https://t.co/cCh2aKltQ9,0.125,0.875,0.0,0.4824,23
CBSNews,Tue Aug 28 19:30:03 +0000 2018,FINAL R-E-S-P-E-C-T: Hundreds of Aretha Franklin fans lined up in Detroit to honor her memory as she lies in a gold‚Ä¶ https://t.co/laW7Z3GvUj,0.128,0.76,0.112,0.1027,24
CBSNews,Tue Aug 28 19:19:48 +0000 2018,"At White House meeting with FIFA boss, President Trump credits New England Patriots owner Bob Kraft for suggesting‚Ä¶ https://t.co/v66fpHfmck",0.122,0.878,0.0,0.3612,25
CBSNews,Tue Aug 28 19:17:01 +0000 2018,WATCH LIVE: President Trump meets with new FIFA president Gianni Infantino after North America was selected for the‚Ä¶ https://t.co/rCzlqleVbz,0.0,1.0,0.0,0.0,26
CBSNews,Tue Aug 28 19:14:38 +0000 2018,WATCH NOW: President Trump meets with new FIFA president Gianni Infantino at White House to talk about 2026 World C‚Ä¶ https://t.co/svblvBk9cD,0.0,1.0,0.0,0.0,27
CBSNews,Tue Aug 28 19:09:31 +0000 2018,"A federal court said this man couldn't post blueprints online for untraceable 3D-printed guns. Today, he started do‚Ä¶ https://t.co/j3SQRuNul4",0.0,1.0,0.0,0.0,28
CBSNews,Tue Aug 28 18:50:15 +0000 2018,"Last year, President Trump implied that Hurricane Maria was not ""a real catastrophe, like Katrina."" Today, new esti‚Ä¶ https://t.co/BqwZ7zez2N",0.261,0.739,0.0,0.7198,29
CBSNews,Tue Aug 28 18:33:27 +0000 2018,"""John taught us how to lose... When you go throughout the world, people remember his concession speech as much as a‚Ä¶ https://t.co/HIiUoh296c",0.0,1.0,0.0,0.0,30
CBSNews,Tue Aug 28 18:29:40 +0000 2018,How do you get better at asking for help? Glad you asked. Here's some tips: https://t.co/o8TRWXTBxk https://t.co/9CmATcLwAq,0.381,0.619,0.0,0.8225,31
CBSNews,Tue Aug 28 18:20:58 +0000 2018,"WATCH NOW: Sen. John McCain's longtime friend, Sen. Lindsey Graham is paying tribute to McCain on the Senate floor‚Ä¶ https://t.co/zIFtRJuu2i",0.144,0.856,0.0,0.4939,32
CBSNews,Tue Aug 28 18:11:28 +0000 2018,"""The incumbent president is very careless with the truth."" Former President Jimmy Carter talks with @CBSThisMorning‚Ä¶ https://t.co/MdcF8XJA1l",0.0,0.851,0.149,-0.4201,33
CBSNews,Tue Aug 28 17:49:35 +0000 2018,"""A major public health problem for humanity."" There are now about 250,000 gun deaths a year worldwide, and the U.S.‚Ä¶ https://t.co/igyXvA35tI",0.0,0.779,0.221,-0.6249,34
CBSNews,Tue Aug 28 17:09:55 +0000 2018,"Even with low unemployment and strong economic growth, nearly half of Americans struggle to pay for housing, utilit‚Ä¶ https://t.co/NpW3wtgPue",0.214,0.471,0.315,-0.2023,35
CBSNews,Tue Aug 28 16:50:52 +0000 2018,"The Hurricane Maria death toll in Puerto Rico is 4,548% higher than what the government initially reported.‚Ä¶ https://t.co/JZx1EVxxDf",0.0,0.813,0.187,-0.5994,36
CBSNews,Tue Aug 28 16:29:41 +0000 2018,A young girl awaiting a life-saving surgery who was surprised by Drake got another surprise this weekend: a new hea‚Ä¶ https://t.co/NqcmGFVfx3,0.2,0.8,0.0,0.4588,37
CBSNews,Tue Aug 28 16:10:01 +0000 2018,Louis C.K. received an ovation from the audience in his first performance since his sexual misconduct scandal‚Ä¶ https://t.co/2umWLVBJe6,0.0,1.0,0.0,0.0,38
CBSNews,Tue Aug 28 15:55:23 +0000 2018,MAY-BE DON'T: Theresa May shows off her dance moves during a visit with schoolchildren in South Africa ‚Äî and it'll‚Ä¶ https://t.co/2F5EiOjtnV,0.0,1.0,0.0,0.0,39
CBSNews,Tue Aug 28 15:49:32 +0000 2018,"‚ÄúWe definitely understand¬†that there were a lot of --¬†we've committed errors in the¬†process,‚Äù Carlos Mercader says.‚Ä¶ https://t.co/laNq25whI0",0.207,0.69,0.103,0.34,40
CBSNews,Tue Aug 28 15:46:48 +0000 2018,"The GWU study ""goes deep into some statistics that we will be finalizing and obviously using them to create a new s‚Ä¶ https://t.co/e7xRWNtPyy",0.091,0.909,0.0,0.2732,41
CBSNews,Tue Aug 28 15:39:49 +0000 2018,"""It's 2,975 people who suffered, who went through difficult times. And as government officials, we understand what‚Ä¶ https://t.co/6LYFMTPMJK",0.0,0.737,0.263,-0.6908,42
CBSNews,Tue Aug 28 15:37:43 +0000 2018,"""We always knew that based on the level of the catastrophe that Puerto Rico suffered that there were going to be --‚Ä¶ https://t.co/iW7ApVY4xX",0.0,0.734,0.266,-0.8225,43
CBSNews,Tue Aug 28 15:28:16 +0000 2018,"BREAKING: New study estimates Hurricane Maria caused 2,975 deaths in Puerto Rico -- a drastically higher number tha‚Ä¶ https://t.co/W6p7pxFiSe",0.071,0.929,0.0,0.0772,44
CBSNews,Tue Aug 28 14:56:22 +0000 2018,Pfizer is recalling some children's Advil because instructions on its label don't match the product's measuring cup‚Ä¶ https://t.co/6EBey2FarT,0.0,1.0,0.0,0.0,45
CBSNews,Tue Aug 28 14:37:21 +0000 2018,"Sen. Lindsey Graham on replacing Jeff Sessions: ""The relationship is not working"" https://t.co/IUHFNql7AP https://t.co/seDKkqOoQN",0.0,1.0,0.0,0.0,46
CBSNews,Tue Aug 28 14:20:58 +0000 2018,"Hard numbers:
- Mexican prosecutors opened 2,599 homicide investigations in July
- Since 2000, annual defense spend‚Ä¶ https://t.co/OB2uLsTJ0t",0.089,0.828,0.083,0.0258,47
CBSNews,Tue Aug 28 14:18:04 +0000 2018,More NAFTA¬†negotiations are underway.¬†President Trump announced a revised trade deal with Mexico in the Oval Office‚Ä¶ https://t.co/ToD7w3fgh6,0.0,1.0,0.0,0.0,48
CBSNews,Tue Aug 28 14:14:56 +0000 2018,"""He was my idol, my hero"": John McCain's younger brother, Joe, is remembering the ""maverick"" of the Senate.‚Ä¶ https://t.co/Xh5MUQhZqj",0.0,1.0,0.0,0.0,49
CBSNews,Tue Aug 28 13:59:32 +0000 2018,"Former President Jimmy Carter: President Trump is ""very careless with the truth"" https://t.co/nXmFThqETk https://t.co/dhsidRxRgk",0.135,0.702,0.163,-0.1263,50
CBSNews,Tue Aug 28 13:44:41 +0000 2018,Bipartisan support is building for a plan to rename the Russell Senate Office building for John McCain:‚Ä¶ https://t.co/aFfnpAohHt,0.144,0.856,0.0,0.4019,51
CBSNews,Tue Aug 28 13:30:00 +0000 2018,"U.S. rejects court challenge, insists Iran sanctions legal and needed https://t.co/PFu6ToYx8S https://t.co/eUfwxcEnan",0.187,0.6,0.213,-0.34,52
CBSNews,Tue Aug 28 13:15:00 +0000 2018,"John McCain's brother remembers him as ""my hero"": ""He was just always there. I thought he was going to live forever‚Ä¶ https://t.co/kW9AzuD9Om",0.0,1.0,0.0,0.0,53
CBSNews,Tue Aug 28 12:59:42 +0000 2018,"President Trump says news on Google is ""rigged"" against him: https://t.co/S04S5NVVra https://t.co/WjVxDSQgu5",0.0,1.0,0.0,0.0,54
CBSNews,Tue Aug 28 12:39:55 +0000 2018,"RT @CBSThisMorning: .@JoshShapiroPA says as of last night, 733 calls have been made to the clergy abuse hotline since his office released t‚Ä¶",0.0,0.84,0.16,-0.6369,55
CBSNews,Tue Aug 28 12:39:42 +0000 2018,"RT @CBSThisMorning: ""There are specific examples where when the abuse occurred, the priests would go, the bishops would go and lie to paris‚Ä¶",0.0,0.84,0.16,-0.6369,56
CBSNews,Tue Aug 28 12:39:40 +0000 2018,Inspector general report: President Trump involved in FBI headquarters decision https://t.co/cQGNg1OjLc https://t.co/XAH6MSvJtu,0.0,1.0,0.0,0.0,57
CBSNews,Tue Aug 28 12:39:38 +0000 2018,RT @CBSThisMorning: A law under consideration in Pennsylvania could give victims of child sexual abuse a second chance at justice. A ground‚Ä¶,0.201,0.558,0.242,-0.2732,58
CBSNews,Tue Aug 28 12:19:48 +0000 2018,Did the most-popular e-cigarette company market to high school students? Advocates say teens and parents are being‚Ä¶ https://t.co/1trRMjyoeX,0.0,1.0,0.0,0.0,59
CBSNews,Tue Aug 28 11:59:31 +0000 2018,Authorities in Pennsylvania have re-opened an investigation into a decades-old case in which sexual abuse claims we‚Ä¶ https://t.co/SGSrgeiE27,0.0,0.792,0.208,-0.6369,60
CBSNews,Tue Aug 28 11:40:08 +0000 2018,"John Goodman predicts his character will be ""mopey and sad"" in ""Roseanne"" spinoff because his wife has died‚Ä¶ https://t.co/pcfUVMl5NG",0.0,0.853,0.147,-0.4767,61
CBSNews,Tue Aug 28 11:20:09 +0000 2018,Federal judge blocks posting of online plans for 3D printed guns https://t.co/eHaQbGIzKW https://t.co/1wPURKBY6M,0.0,0.863,0.137,-0.2263,62
CBSNews,Tue Aug 28 10:59:43 +0000 2018,One of those mourning the death of Sen. John McCain is a man who spent time in a Prisoner of War camp with him duri‚Ä¶ https://t.co/6lYYyhlXBB,0.0,0.585,0.415,-0.9349,63
CBSNews,Tue Aug 28 10:52:50 +0000 2018,RT @CBSThisMorning: Here's what we're working on this morning: https://t.co/eXXvv2M1Z0,0.0,1.0,0.0,0.0,64
CBSNews,Tue Aug 28 10:49:33 +0000 2018,The Pennsylvania attorney general who led the investigation of alleged Catholic church abuse is in @CBSThisMorning'‚Ä¶ https://t.co/gGw9evyJwt,0.0,0.792,0.208,-0.6369,65
CBSNews,Tue Aug 28 10:44:33 +0000 2018,COMING UP on @CBSThisMorning: A look at the new effort to try and stop teens from vaping. How advocates say popular‚Ä¶ https://t.co/xveeUS1dgf,0.0,0.901,0.099,-0.296,66
CBSNews,Tue Aug 28 10:40:30 +0000 2018,"As election season heats up in Florida paradise, there is more than one red vs. blue battle being waged on the stat‚Ä¶ https://t.co/4R3KgNsbZD",0.151,0.755,0.094,0.3818,67
CBSNews,Tue Aug 28 10:34:54 +0000 2018,AHEAD on @CBSThisMorning: Former President Jimmy Carter remembers Sen. John McCain. Learn what he believes his pass‚Ä¶ https://t.co/7I0jLJjOIr,0.0,1.0,0.0,0.0,68
CBSNews,Tue Aug 28 10:22:34 +0000 2018,New U.S.-Mexico trade agreement is hardly a done deal https://t.co/j54AU4CYH7 https://t.co/RlgYzsNUX9,0.262,0.738,0.0,0.4939,69
CBSNews,Tue Aug 28 10:03:04 +0000 2018,Alexei Navalny jailed in Russia over anti-Vladimir Putin protest https://t.co/9RBAekamOP https://t.co/zdFV6tzAXv,0.0,0.634,0.366,-0.6369,70
CBSNews,Tue Aug 28 09:54:06 +0000 2018,Fellow POW with McCain tells of their enduring friendship https://t.co/z6Kg3tsteU https://t.co/WC2o7ewnEL,0.225,0.775,0.0,0.4404,71
CBSNews,Tue Aug 28 09:48:03 +0000 2018,Fan charged after rushing stage at Beyonc√© and Jay-Z concert in Atlanta https://t.co/aeywzHAlmJ https://t.co/UFpR7o6JH8,0.143,0.745,0.112,0.128,72
CBSNews,Tue Aug 28 09:33:03 +0000 2018,Tesla declines as Wall Street questions Musk's about-face https://t.co/kZ1rwbo9UZ https://t.co/iLItvRokhm,0.0,1.0,0.0,0.0,73
CBSNews,Tue Aug 28 09:18:05 +0000 2018,Tom Brady hangs up during radio interview https://t.co/CLrUUw5e0v https://t.co/mM5GtVL4UR,0.0,1.0,0.0,0.0,74
CBSNews,Tue Aug 28 09:08:05 +0000 2018,Federal judges again rule GOP-drawn N.C. congressional districts unconstitutional https://t.co/vX1O1uITGV https://t.co/gbiBUInRYp,0.0,1.0,0.0,0.0,75
CBSNews,Tue Aug 28 09:03:03 +0000 2018,"Working with John McCain the ""greatest, wildest adventure,"" says longtime aide Rick Davis https://t.co/JCOBoYBOKT https://t.co/qhCOVBzble",0.0,1.0,0.0,0.0,76
CBSNews,Tue Aug 28 08:48:03 +0000 2018,"Aspirin disappoints for avoiding first heart attack, stroke https://t.co/RWfy413OmQ https://t.co/eOOLF7TbNC",0.0,0.464,0.536,-0.7964,77
CBSNews,Tue Aug 28 08:33:03 +0000 2018,Arizona primaries to take place days after McCain's death - what to watch in politics this week‚Ä¶ https://t.co/NkF2kttZs8,0.0,0.804,0.196,-0.5994,78
CBSNews,Tue Aug 28 08:24:05 +0000 2018,"Roseanne character will be dead in spinoff, John Goodman predicts https://t.co/KI4y8u9KzY https://t.co/ikQpEq3J4k",0.0,0.719,0.281,-0.6486,79
CBSNews,Tue Aug 28 08:18:03 +0000 2018,Ivanka Trump faces social media blowback for tweet on Jacksonville shooting https://t.co/jfIkQrBNYg https://t.co/NGeJQjbZAn,0.0,1.0,0.0,0.0,80
CBSNews,Tue Aug 28 08:03:04 +0000 2018,YouTuber 'McSkillet' kills two in car crash https://t.co/W6L3vJRRqw https://t.co/7wzrZxlHci,0.0,0.53,0.47,-0.7351,81
CBSNews,Tue Aug 28 07:54:06 +0000 2018,Judge blocks posting of online plans for 3D printed guns https://t.co/PPWjT1qb5z https://t.co/XkhVupfRPc,0.0,0.853,0.147,-0.2263,82
CBSNews,Tue Aug 28 07:48:05 +0000 2018,9-year-old Denver boy dies by suicide after being bullied at school https://t.co/Nb7jn8DCJC https://t.co/FxYtl7e1kj,0.0,0.561,0.439,-0.8625,83
CBSNews,Tue Aug 28 07:33:03 +0000 2018,Facebook bans Myanmar military chief over spread of hate speech https://t.co/M8beKkDE7o https://t.co/LBSSwpCRzU,0.0,0.748,0.252,-0.5719,84
CBSNews,Tue Aug 28 07:18:04 +0000 2018,"Jimmy Carter hails John McCain's ""commitment to the truth"" https://t.co/vOFUCVHDC1 https://t.co/rzgLGcsIGP",0.353,0.647,0.0,0.5994,85
CBSNews,Tue Aug 28 07:03:04 +0000 2018,Like to smell nice? Prepare to pay more -- if you're a woman https://t.co/qQYWvcNxev https://t.co/awXq3GzK3c,0.299,0.621,0.079,0.5994,86
CBSNews,Tue Aug 28 06:48:04 +0000 2018,"Warnings raised about leading cause of kids' accidental deaths: ""You can't drown-proof a child""‚Ä¶ https://t.co/u3pCWPq4bM",0.0,0.774,0.226,-0.3612,87
CBSNews,Tue Aug 28 06:33:04 +0000 2018,"Sacha Baron Cohen takes aim at O.J. Simpson on season finale of ""Who is America?"" https://t.co/AQyne64wgt https://t.co/4wzDz7fXdZ",0.0,1.0,0.0,0.0,88
CBSNews,Tue Aug 28 06:18:04 +0000 2018,Kelli Ward apologizes after comment that McCain family timed announcement to hurt campaign https://t.co/ZviB8gLWY6 https://t.co/UuENZ3i0Qr,0.132,0.688,0.18,-0.2263,89
CBSNews,Tue Aug 28 06:03:04 +0000 2018,Toyota invests $500 million in Uber https://t.co/FAkHzpmwGN https://t.co/PvPD6omhTB,0.0,1.0,0.0,0.0,90
CBSNews,Tue Aug 28 05:48:04 +0000 2018,Vietnamese pay tribute to John McCain https://t.co/CO6UNhqPpI https://t.co/58UFzqGPA8,0.0,0.833,0.167,-0.1027,91
CBSNews,Tue Aug 28 05:33:03 +0000 2018,Who will Gov. Doug Ducey name to fill John McCain's vacant seat? https://t.co/ioSXY6yhxf https://t.co/DcxwRfbn13,0.0,1.0,0.0,0.0,92
CBSNews,Tue Aug 28 05:18:03 +0000 2018,"Archbishop's claims against Pope Francis ""like an earthquake for the church"" https://t.co/FU0u7maA5K https://t.co/kM3SW6fwJe",0.172,0.828,0.0,0.3612,93
CBSNews,Tue Aug 28 05:03:04 +0000 2018,"Commentary: Democrats are getting ready for impeachment, even if they say they're not https://t.co/gZ9V28rVrw https://t.co/ZABN180fV0",0.152,0.848,0.0,0.3612,94
CBSNews,Tue Aug 28 04:48:03 +0000 2018,"Cargill beef recall: 25,000 pounds may be tainted with E. coli https://t.co/RzVchY33NC https://t.co/JFseruxvLs",0.0,1.0,0.0,0.0,95
CBSNews,Tue Aug 28 04:33:04 +0000 2018,"""Goldbergs"" actor Jackson Odell's cause of death revealed https://t.co/vwXteIKFEo https://t.co/GZsphb4uV8",0.0,0.698,0.302,-0.5994,96
CBSNews,Tue Aug 28 04:24:04 +0000 2018,Lane second to only to Harvey for amount of storm rainfall https://t.co/YSqJ7AxVOW https://t.co/c3ba3rT9l9,0.0,1.0,0.0,0.0,97
CBSNews,Tue Aug 28 04:18:03 +0000 2018,Tom Brady hangs up during radio interview https://t.co/L5YCVu6AUQ https://t.co/hqfd4JFTgV,0.0,1.0,0.0,0.0,98
CBSNews,Tue Aug 28 04:17:07 +0000 2018,"‚ÄúRemoving the stigma is part of changing the conversation,‚Äù says Olympic skier Bode Miller of talking to and suppor‚Ä¶ https://t.co/XXyhLpJRTW",0.0,1.0,0.0,0.0,99
CBSNews,Tue Aug 28 04:03:04 +0000 2018,"Bob Schieffer: Trump's reaction to McCain's death made ""a mockery of one of our most solemn tributes""‚Ä¶ https://t.co/mcruBwsG85",0.0,0.658,0.342,-0.7778,100
CNN,Tue Aug 28 23:41:01 +0000 2018,"Air pollution could be more damaging to our health than previously thought, according to a new study, which found t‚Ä¶ https://t.co/tYL8nukK4A",0.0,0.841,0.159,-0.5563,1
CNN,Tue Aug 28 23:31:05 +0000 2018,"Supreme Court nominee Brett Kavanaugh will be introduced by Republican Sen. Rob Portman of Ohio, former Secretary o‚Ä¶ https://t.co/uOTbCpMwru",0.149,0.702,0.149,0.0,2
CNN,Tue Aug 28 23:27:07 +0000 2018,"RT @OutFrontCNN: ""One of the lessons I've learned the most from him was the absolutely essential nature of American leadership around the w‚Ä¶",0.0,1.0,0.0,0.0,3
CNN,Tue Aug 28 23:21:13 +0000 2018,Arizona polls to close on time after Election Day snafu https://t.co/1uWpz1e8qk https://t.co/X40iSR1yQI,0.0,0.759,0.241,-0.5423,4
CNN,Tue Aug 28 23:21:05 +0000 2018,"Nearly 2.3 million cases of chlamydia, gonorrhea and syphilis were diagnosed in the United States in 2017, accordin‚Ä¶ https://t.co/maxaNUMjFK",0.135,0.865,0.0,0.4215,5
CNN,Tue Aug 28 23:18:11 +0000 2018,Uber is pivoting to e-bikes and scooters for short rides as its business model changes https://t.co/dNd7pCDFJj https://t.co/15LLZcTKrf,0.0,1.0,0.0,0.0,6
CNN,Tue Aug 28 23:16:23 +0000 2018,"Usually, politics and slime go hand-in-hand. ""Sliming"" a political opponent is well-worn tradition, after all.

But‚Ä¶ https://t.co/G3Gwd9uP5W",0.0,1.0,0.0,0.0,7
CNN,Tue Aug 28 23:13:53 +0000 2018,"RT @OutFrontCNN: ""This is a President that seems like he is lashing out at anyone and I think it's because the walls are closing in,"" says‚Ä¶",0.098,0.902,0.0,0.3612,8
CNN,Tue Aug 28 23:11:03 +0000 2018,Senate Majority Leader Mitch McConnell cut a deal with Democratic leaders in the upper chamber to clear a slate of‚Ä¶ https://t.co/Zn2gj4cf3g,0.12,0.783,0.097,0.128,9
CNN,Tue Aug 28 23:07:20 +0000 2018,"RT @OutFrontCNN: It's election day in Arizona, Florida, and Oklahoma. Follow for live updates. https://t.co/GxZ8IRdS3v https://t.co/J1Iz5Nt‚Ä¶",0.0,1.0,0.0,0.0,10
CNN,Tue Aug 28 23:01:04 +0000 2018,Mike Pence's plan to outlast Trump | By Michael D'Antonio and Peter Eisner via @CNNOpinion https://t.co/nFaFZcR7Hv https://t.co/2mRdKYTCX3,0.0,1.0,0.0,0.0,11
CNN,Tue Aug 28 23:01:00 +0000 2018,Researchers used a manned submersible to bring back the first images of a deep-sea coral reef off the coast of Sout‚Ä¶ https://t.co/cb4QFVHJAR,0.0,1.0,0.0,0.0,12
CNN,Tue Aug 28 22:52:07 +0000 2018,Sofia Sanchez had two wishes for her 11th birthday. The first came true earlier this month when Drake surprised her‚Ä¶ https://t.co/UPLxJCXx5r,0.259,0.741,0.0,0.6486,13
CNN,Tue Aug 28 22:45:00 +0000 2018,GoPro CEO Nick Woodman says the company hasn't been hit by President Trump's tariffs against China yet -- but they‚Ä¶ https://t.co/XRwSYMsDU0,0.0,1.0,0.0,0.0,14
CNN,Tue Aug 28 22:43:21 +0000 2018,A former police officer in the Dallas suburb of Balch Springs was found guilty of murder in the shooting of Jordan‚Ä¶ https://t.co/L0TkbxwxUm,0.0,0.717,0.283,-0.8176,15
CNN,Tue Aug 28 22:38:34 +0000 2018,"RT @CNNSitRoom: ""This President has to be willing to accept the will of the American people when it comes to an election, and stop threaten‚Ä¶",0.094,0.827,0.079,0.1027,16
CNN,Tue Aug 28 22:35:13 +0000 2018,The owner of a company that builds 3D-printed guns said he has begun selling blueprints of the weapons to elude a c‚Ä¶ https://t.co/i8RlYoOzEA,0.0,0.873,0.127,-0.4404,17
CNN,Tue Aug 28 22:30:48 +0000 2018,RT @CNNSitRoom: Democratic Senator Blumenthal says he‚Äôs talked to a number of Republican colleagues and thinks ‚Äùthere would be holy hell to‚Ä¶,0.052,0.763,0.185,-0.6486,18
CNN,Tue Aug 28 22:30:00 +0000 2018,"Meet the Arab superhero fighting crime and smashing stereotypes. Emara doesn't wear spandex, skintight leather or m‚Ä¶ https://t.co/T2BkzI0arL",0.0,0.727,0.273,-0.7184,19
CNN,Tue Aug 28 22:28:51 +0000 2018,"Veteran David Carrasco gave his own Vietnam War medallion to the late Sen. John McCain's wife, Cindy McCain, outsid‚Ä¶ https://t.co/CwUpC3f6gA",0.0,0.83,0.17,-0.5994,20
CNN,Tue Aug 28 22:25:07 +0000 2018,"Illinois authorities are investigating allegations of neglect after a fire in Chicago killed 10 children, officials‚Ä¶ https://t.co/7cQ4IhdTOK",0.0,0.568,0.432,-0.872,21
CNN,Tue Aug 28 22:20:05 +0000 2018,"Facing scrutiny for hush money payments to a porn star and a former Playboy model, Trump pleaded with evangelical l‚Ä¶ https://t.co/wqs33Je3GO",0.0,1.0,0.0,0.0,22
CNN,Tue Aug 28 22:15:15 +0000 2018,Senate Republicans are sending decidedly mixed messages about how they feel about the future of Attorney General Je‚Ä¶ https://t.co/aZufhL6bgH,0.0,1.0,0.0,0.0,23
CNN,Tue Aug 28 22:11:48 +0000 2018,"It's election day in Arizona, Florida, and Oklahoma. Follow for live updates. https://t.co/ufORF8aN3n https://t.co/2La3w5ES7x",0.0,1.0,0.0,0.0,24
CNN,Tue Aug 28 21:50:07 +0000 2018,HBO has quietly dropped erotic late-night programming from its lineup https://t.co/h5A8TbI0d0 https://t.co/xAo7NNNSbL,0.0,1.0,0.0,0.0,25
CNN,Tue Aug 28 21:40:10 +0000 2018,JPMorgan just made another high-profile artificial intelligence hire https://t.co/QxeypaK99l https://t.co/Fi7Mj3hzSp,0.256,0.744,0.0,0.4767,26
CNN,Tue Aug 28 21:35:00 +0000 2018,"Without evidence, Trump reiterated claims about Google's search results, saying the company is ""taking advantage of‚Ä¶ https://t.co/4TAekVTE8w",0.111,0.889,0.0,0.25,27
CNN,Tue Aug 28 21:30:09 +0000 2018,Bubble gum-flavored children's Advil is being recalled after customer complaints identified that the dosage cup pro‚Ä¶ https://t.co/GzQkiLagWL,0.0,0.856,0.144,-0.4019,28
CNN,Tue Aug 28 21:29:22 +0000 2018,"Canada looks to join the US-Mexico trade talks, but Prime Minister Justin Trudeau says he will only sign a new deal‚Ä¶ https://t.co/f7KWE2EP5i",0.074,0.926,0.0,0.1531,29
CNN,Tue Aug 28 21:25:05 +0000 2018,"A day out from their big-ticket debate, a leaked email has brought up the temperature in the race between New York‚Ä¶ https://t.co/tOBU6p437p",0.0,0.892,0.108,-0.3182,30
CNN,Tue Aug 28 21:20:09 +0000 2018,John McCain's goodbye is in classic tradition of George Washington's Farewell Address | By John Avlon via‚Ä¶ https://t.co/N20oEjUFqJ,0.0,1.0,0.0,0.0,31
CNN,Tue Aug 28 21:15:03 +0000 2018,"UN Secretary General addresses the body's Security Council regarding the Rohingya refugee crisis, calling for the M‚Ä¶ https://t.co/jmZ6SzmjCy",0.107,0.711,0.182,-0.4019,32
CNN,Tue Aug 28 21:10:07 +0000 2018,"A 9-year-old ended his own life on Thursday, shortly after coming out as gay and being bullied at school, according‚Ä¶ https://t.co/6CA5J2nxad",0.0,0.823,0.177,-0.6249,33
CNN,Tue Aug 28 21:00:14 +0000 2018,Elon Musk is lashing out on Twitter again https://t.co/FsmJvIngcP https://t.co/N1eC508CRK,0.0,1.0,0.0,0.0,34
CNN,Tue Aug 28 20:55:04 +0000 2018,The top elections official in Arizona's most populous county said he will petition to extend voting hours in the pr‚Ä¶ https://t.co/RhO0mV4Sv0,0.156,0.844,0.0,0.3612,35
CNN,Tue Aug 28 20:50:04 +0000 2018,Country music stars were tweeting bright and early after the nominations for the 2018 CMA Awards were announced‚Ä¶ https://t.co/AvD492IvHc,0.258,0.742,0.0,0.7096,36
CNN,Tue Aug 28 20:40:04 +0000 2018,"GOP Sen. Lindsey Graham this week argued that President Trump deserves to replace Attorney General Jeff Sessions, s‚Ä¶ https://t.co/5gQAie2tx0",0.0,0.878,0.122,-0.3612,37
CNN,Tue Aug 28 20:38:51 +0000 2018,"RT @TheLeadCNN: ‚ÄúLindsey Graham, in a very unfortunate way in my opinion, has decided to carry water for Trump ‚Äì for whatever reason, he th‚Ä¶",0.0,0.87,0.13,-0.5095,38
CNN,Tue Aug 28 20:30:07 +0000 2018,"Whole Foods doesn't look much different since Amazon bought it a year ago, but incumbents like Walmart, Kroger, Cos‚Ä¶ https://t.co/ElGGwqwBjL",0.213,0.787,0.0,0.5574,39
CNN,Tue Aug 28 20:25:00 +0000 2018,"This is how Ruth Bader Ginsburg, the oldest sitting Supreme Court Justice, stays in shape. She attributes her long‚Ä¶ https://t.co/E3sd6jOm1p",0.28,0.72,0.0,0.7906,40
CNN,Tue Aug 28 20:20:44 +0000 2018,RT @CNNMoney: S&amp;P 500 gains a fraction of a point. Nasdaq gains 0.2%. Dow finishes up 14 points. https://t.co/E9IkqtvczQ,0.242,0.758,0.0,0.5859,41
CNN,Tue Aug 28 20:20:04 +0000 2018,"A dozen prisoners have died in the custody of Mississippi authorities this month and, with the exception of two dea‚Ä¶ https://t.co/JuBp9bt2qu",0.0,0.723,0.277,-0.7845,42
CNN,Tue Aug 28 20:16:54 +0000 2018,"Without evidence, Trump reiterated claims about Google's search results, saying the company is ""taking advantage of‚Ä¶ https://t.co/leGoaC1RUF",0.111,0.889,0.0,0.25,43
CNN,Tue Aug 28 20:10:10 +0000 2018,"The US Food and Drug Administration has again expanded the list of recalled medications that contain valsartan, use‚Ä¶ https://t.co/pFICM2zkWz",0.0,1.0,0.0,0.0,44
CNN,Tue Aug 28 20:05:03 +0000 2018,"Sen. Lindsey Graham took to the Senate floor to give an emotional farewell to his friend and colleague, Sen. John M‚Ä¶ https://t.co/SgOTTnb1UX",0.194,0.806,0.0,0.5859,45
CNN,Tue Aug 28 20:00:12 +0000 2018,"The newspaper industry has been fighting tariffs on Canadian paper for months, claiming that they will devastate an‚Ä¶ https://t.co/csHvCRvt4f",0.0,0.72,0.28,-0.765,46
CNN,Tue Aug 28 19:40:09 +0000 2018,A federal court's rejection of North Carolina's GOP-rigged congressional district map has thrown in doubt 13 voting‚Ä¶ https://t.co/3o7QCOfp2V,0.0,0.714,0.286,-0.7184,47
CNN,Tue Aug 28 19:30:07 +0000 2018,The police officer who fatally shot an unarmed black man in Tulsa now teaches a course on how other cops can 'survi‚Ä¶ https://t.co/JU9By8rEsE,0.0,0.833,0.167,-0.6369,48
CNN,Tue Aug 28 19:20:07 +0000 2018,Slowed new construction and a short supply of existing homes for sale have pushed housing prices so high that buyer‚Ä¶ https://t.co/bWZHWaDkSK,0.0,1.0,0.0,0.0,49
CNN,Tue Aug 28 19:11:18 +0000 2018,"""John taught us how to lose. ... He failed a lot but he never quit."" Sen. Lindsey Graham pays emotional tribute to‚Ä¶ https://t.co/oSobdv1y8M",0.076,0.763,0.161,-0.2732,50
CNN,Tue Aug 28 19:10:38 +0000 2018,"RT @CNNPolitics: ""I learned that serving a cause greater than yourself hurts,"" a tearful Sen. Lindsey Graham says. ""He couldn't put his jac‚Ä¶",0.111,0.889,0.0,0.3612,51
CNN,Tue Aug 28 19:10:05 +0000 2018,Don't be fooled: Democrats' rule changes on superdelegates don't change much of anything | Analysis by @CillizzaCNN‚Ä¶ https://t.co/vMEzaYhANG,0.12,0.88,0.0,0.2924,52
CNN,Tue Aug 28 19:01:02 +0000 2018,"RT @CNNPolitics: ""Love: Not a word often associated with Senator McCain. But it should be. Because if you were loved by him, you knew it,""‚Ä¶",0.189,0.811,0.0,0.7469,53
CNN,Tue Aug 28 19:00:27 +0000 2018,"""I do not cry for a perfect man. I cry for a man who had honor and always was willing to admit to his imperfection,‚Ä¶ https://t.co/Bacv1Xv9oo",0.325,0.579,0.096,0.7278,54
CNN,Tue Aug 28 19:00:09 +0000 2018,"The Vatican knew of a cover-up involving abusive priests, Pennsylvania attorney general says https://t.co/ukYaN3LeVo https://t.co/U7oUvxyJdk",0.0,0.652,0.348,-0.7506,55
CNN,Tue Aug 28 18:50:26 +0000 2018,"RT @CNNPolitics: Sen. Lindsey Graham jokes about his tie during his Senate floor tribute to his friend John McCain: ""This is a Naval Academ‚Ä¶",0.198,0.802,0.0,0.6369,56
CNN,Tue Aug 28 18:50:06 +0000 2018,The owner of a company that builds 3D-printed guns said he has begun selling blueprints of the weapons to elude a c‚Ä¶ https://t.co/MuF0SKhQ7K,0.0,0.873,0.127,-0.4404,57
CNN,Tue Aug 28 18:40:10 +0000 2018,Teacher strikes cancel the first day of school in two Washington state districts -- and more strikes could follow i‚Ä¶ https://t.co/VxaRkN2Wyn,0.0,0.72,0.28,-0.7184,58
CNN,Tue Aug 28 18:30:12 +0000 2018,"Instagram has announced three new features related to safety on the platform, including providing more details abou‚Ä¶ https://t.co/WjOMhtAS6G",0.141,0.859,0.0,0.4215,59
CNN,Tue Aug 28 18:24:36 +0000 2018,"Sen. Lindsey Graham honors John McCain with a speech from the Senate floor. https://t.co/UYpqI3w42L

Watch on Faceb‚Ä¶ https://t.co/palVYXvRTy",0.171,0.829,0.0,0.5106,60
CNN,Tue Aug 28 18:20:04 +0000 2018,The government is starting to pay farmers that have been hurt by the fallout of President Trump's widening trade fe‚Ä¶ https://t.co/HFAljLOash,0.0,0.798,0.202,-0.5859,61
CNN,Tue Aug 28 18:10:07 +0000 2018,"Nearly 2.3 million cases of chlamydia, gonorrhea and syphilis were diagnosed in the United States in 2017, accordin‚Ä¶ https://t.co/NIVj5Dt0uc",0.135,0.865,0.0,0.4215,62
CNN,Tue Aug 28 18:00:02 +0000 2018,"President Trump has renewed his claims of bias against conservatives on the internet, accusing Google of rigging it‚Ä¶ https://t.co/2ALJIINaV7",0.0,0.846,0.154,-0.2732,63
CNN,Tue Aug 28 17:50:07 +0000 2018,Students are learning and experimenting inside Google's virtual labs https://t.co/67I3wkr9GM https://t.co/Q7q0zgWr4C,0.0,1.0,0.0,0.0,64
CNN,Tue Aug 28 17:40:05 +0000 2018,EA Sports is canceling three remaining Madden Classic qualifier events to review safety protocols after a deadly sh‚Ä¶ https://t.co/6vUGIOg6WH,0.141,0.859,0.0,0.4215,65
CNN,Tue Aug 28 17:30:05 +0000 2018,A mother was shoved into the path of an oncoming train. Her daughter jumped onto tracks to save her.‚Ä¶ https://t.co/9GIoXUKbZk,0.151,0.849,0.0,0.4939,66
CNN,Tue Aug 28 17:20:05 +0000 2018,10 John McCain quotes about defeat and determination https://t.co/J7jt6FgnYu https://t.co/Si6WxtlNmn,0.197,0.584,0.219,-0.0772,67
CNN,Tue Aug 28 17:10:09 +0000 2018,Kenya has introduced a new anti-poaching technique involving specially-trained sniffer dogs to crack down on illega‚Ä¶ https://t.co/iZ9oMbfnhM,0.0,1.0,0.0,0.0,68
CNN,Tue Aug 28 17:00:07 +0000 2018,The shooter who killed two people and wounded 10 others before taking his own life at an e-sports tournament in Jac‚Ä¶ https://t.co/MLByifWnOy,0.0,0.824,0.176,-0.6705,69
CNN,Tue Aug 28 16:50:09 +0000 2018,"French President Emmanuel Macron says Europe can ""no longer rely"" on the US for security https://t.co/J7VSsdDhyQ https://t.co/JBaeYyKDVz",0.122,0.765,0.112,0.0516,70
CNN,Tue Aug 28 16:41:05 +0000 2018,Sofia Sanchez had two wishes for her 11th birthday. The first came true earlier this month when Drake surprised her‚Ä¶ https://t.co/q5H51xv17h,0.259,0.741,0.0,0.6486,71
CNN,Tue Aug 28 16:30:08 +0000 2018,"Hurricane Maria caused an estimated 2,975 deaths in Puerto Rico, a new report shows. Researchers calculated excess‚Ä¶ https://t.co/wt9DcZDqYZ",0.0,1.0,0.0,0.0,72
CNN,Tue Aug 28 16:20:00 +0000 2018,Researchers used a manned submersible to bring back the first images of a deep-sea coral reef off the coast of Sout‚Ä¶ https://t.co/FtwSF8MOQZ,0.0,1.0,0.0,0.0,73
CNN,Tue Aug 28 16:10:06 +0000 2018,The stories behind 5 of Aretha Franklin's biggest songs https://t.co/gaZyd1ontY https://t.co/Z7RxRaX1sC,0.0,1.0,0.0,0.0,74
CNN,Tue Aug 28 16:00:09 +0000 2018,A man was being held by French police Tuesday over an attack last month on a woman in the center of Paris that was‚Ä¶ https://t.co/u7NzKcOslY,0.0,0.876,0.124,-0.4767,75
CNN,Tue Aug 28 15:50:07 +0000 2018,The preliminary US-Mexico trade deal marks the beginning of what could be a stronger and more modern NAFTA -- as we‚Ä¶ https://t.co/PfAeGjPQDu,0.115,0.885,0.0,0.3818,76
CNN,Tue Aug 28 15:40:02 +0000 2018,Health care was the top issue referenced in campaign advertisements ahead of the US Senate primaries in Arizona and‚Ä¶ https://t.co/YagPGvkDrO,0.217,0.783,0.0,0.6124,77
CNN,Tue Aug 28 15:30:07 +0000 2018,"Gun-related homicides and suicides kill more people than war, according to a study https://t.co/7FbypECrPV https://t.co/W8TASiHtz6",0.0,0.575,0.425,-0.8709,78
CNN,Tue Aug 28 15:20:07 +0000 2018,"Top North Korean officials warned the United States in a letter that denuclearization talks are ""again at stake and‚Ä¶ https://t.co/OKsCGQfR8T",0.203,0.705,0.093,0.3612,79
CNN,Tue Aug 28 15:10:06 +0000 2018,"President Trump has renewed his claims of bias against conservatives on the internet, accusing Google of rigging it‚Ä¶ https://t.co/ssseAw7Hm9",0.0,0.846,0.154,-0.2732,80
CNN,Tue Aug 28 15:00:09 +0000 2018,"The Vatican knew of a cover-up involving abusive priests, Pennsylvania attorney general says https://t.co/D6enW5xMa6 https://t.co/aBHmDtGfvM",0.0,0.652,0.348,-0.7506,81
CNN,Tue Aug 28 15:00:00 +0000 2018,"He competes in kitesurfing competitions around the world, making a name for himself and the place where he was rais‚Ä¶ https://t.co/zJ6pt7xLDO",0.0,1.0,0.0,0.0,82
CNN,Tue Aug 28 14:50:06 +0000 2018,The shooter who killed two people and wounded 10 others before taking his own life at an e-sports tournament in Jac‚Ä¶ https://t.co/VL1TpNUrl6,0.0,0.824,0.176,-0.6705,83
CNN,Tue Aug 28 14:40:11 +0000 2018,A mother and her lawyers allege that ICE and those running an immigration facility in Texas provided substandard me‚Ä¶ https://t.co/wVGzMxKjmV,0.0,1.0,0.0,0.0,84
CNN,Tue Aug 28 14:32:16 +0000 2018,"After living her entire life with cystic fibrosis, Claire Wineland worked hard to get on the lung transplant list,‚Ä¶ https://t.co/Og0bQoczMb",0.0,0.931,0.069,-0.1027,85
CNN,Tue Aug 28 14:18:03 +0000 2018,Debunking President Trump's latest conspiracy theory on Google | Analysis by @CillizzaCNN https://t.co/RxBkwb5WGy https://t.co/Umo9W4dg30,0.0,0.779,0.221,-0.5267,86
CNN,Tue Aug 28 14:05:47 +0000 2018,GoPro CEO Nick Woodman says the company hasn't been hit by President Trump's tariffs against China yet -- but they‚Ä¶ https://t.co/lkRqCiMoXJ,0.0,1.0,0.0,0.0,87
CNN,Tue Aug 28 13:55:52 +0000 2018,"RT @CNNnewsroom: ""To understand Aretha, is to understand your soul"" - Fans line up to pay respects to Aretha Franklin https://t.co/WD9dNwR5‚Ä¶",0.106,0.829,0.065,0.2263,88
CNN,Tue Aug 28 13:51:00 +0000 2018,"This South African master of movement is inspiring people to look into themselves, which may give them greater appr‚Ä¶ https://t.co/UF5LbtDanb",0.227,0.773,0.0,0.6486,89
CNN,Tue Aug 28 13:40:09 +0000 2018,"Sen. Lindsey Graham says President Trump's relationship with Jeff Sessions is ""beyond repair"" and suggests that the‚Ä¶ https://t.co/LuKuTB3s1E",0.0,1.0,0.0,0.0,90
CNN,Tue Aug 28 13:31:52 +0000 2018,"Odell Beckham, Jr. just became the highest-paid wide receiver in the NFL https://t.co/awVUOww8gn https://t.co/JQoJW0Lldh",0.0,1.0,0.0,0.0,91
CNN,Tue Aug 28 13:30:14 +0000 2018,"Florida and Arizona are holding primaries today, teeing up the House and Senate races that will be critical to the‚Ä¶ https://t.co/jfKoiyMouV",0.0,0.897,0.103,-0.3182,92
CNN,Tue Aug 28 13:20:10 +0000 2018,"Air pollution could be more damaging to our health than previously thought, according to a new study, which found t‚Ä¶ https://t.co/XJeaYvk0SY",0.0,0.841,0.159,-0.5563,93
CNN,Tue Aug 28 13:10:04 +0000 2018,"The Chinese government could be moving to end birth restrictions, amid growing concerns over an aging population an‚Ä¶ https://t.co/bO2IHRgi8P",0.086,0.914,0.0,0.1779,94
CNN,Tue Aug 28 13:00:10 +0000 2018,Hurricane Lane dumped 52 inches of rain on Hawaii and there might be more on the way https://t.co/kCfMyMJKQe https://t.co/xykgJcGmQz,0.0,0.87,0.13,-0.4019,95
CNN,Tue Aug 28 12:50:09 +0000 2018,US airlines are struggling to make money from China's travel boom https://t.co/xdlqLXqq18 https://t.co/mHsZurZbR3,0.0,0.811,0.189,-0.4215,96
CNN,Tue Aug 28 12:40:53 +0000 2018,Republican Sen. Johnny Isakson: ‚ÄúAnybody who any way tarnishes the reputation of John McCain deserves a whipping...‚Ä¶ https://t.co/TqUNPH7NRn,0.0,1.0,0.0,0.0,97
CNN,Tue Aug 28 12:30:00 +0000 2018,"This is the most valuable car ever auctioned. The 1962 Ferrari 250 GTO sold for $48.4 million, including auction fe‚Ä¶ https://t.co/bNYofHzD9U",0.145,0.855,0.0,0.5256,98
CNN,Tue Aug 28 12:20:05 +0000 2018,"Top North Korean officials warned the United States in a letter that denuclearization talks are ""again at stake and‚Ä¶ https://t.co/BD2h4Owm7P",0.203,0.705,0.093,0.3612,99
CNN,Tue Aug 28 12:10:09 +0000 2018,Arizona and Florida show how tough the Senate map is for Democrats | Analysis by @ForecasterEnten‚Ä¶ https://t.co/PxXc0egMhG,0.0,0.909,0.091,-0.128,100
FoxNews,Tue Aug 28 23:38:00 +0000 2018,".@MZHemingway on NC redistricting ruling: ""It throws the entire state into chaos and it disenfranchises an entire s‚Ä¶ https://t.co/MclIbutDdK",0.0,0.829,0.171,-0.5719,1
FoxNews,Tue Aug 28 23:34:20 +0000 2018,"Brett Kavanaugh backed by Bob Bennett, Bill Clinton's Paula Jones-era lawyer. (via @nicoledarrah) https://t.co/ifUt1PuDVh",0.078,0.922,0.0,0.0258,2
FoxNews,Tue Aug 28 23:28:45 +0000 2018,Toddler's death after leaving immigration facility leads to $40 million legal claim. https://t.co/H2dXw2vJuI,0.091,0.671,0.238,-0.5267,3
FoxNews,Tue Aug 28 23:20:50 +0000 2018,.@USCG and @USNavy bomb technicians are working to retrieve what looks like an unexploded mine that was spotted flo‚Ä¶ https://t.co/9nxUVCEhu3,0.105,0.759,0.135,-0.1779,4
FoxNews,Tue Aug 28 23:19:03 +0000 2018,Google CEO slammed by lawmakers for declining to testify at Senate hearing. https://t.co/TDjJfdQd8r,0.0,1.0,0.0,0.0,5
FoxNews,Tue Aug 28 23:11:53 +0000 2018,"Sen. @ChrisCoons on calls for postponement of Kavanaugh proceedings: ""At the end of the day what matters here is, a‚Ä¶ https://t.co/3Q9ihRRuFs",0.052,0.948,0.0,0.0258,6
FoxNews,Tue Aug 28 22:56:52 +0000 2018,".@POTUS honors anniversary of MLK 'I Have a Dream' speech touting his policies, hope for America https://t.co/xPX2JgNWF3",0.374,0.548,0.078,0.7579,7
FoxNews,Tue Aug 28 22:49:20 +0000 2018,"Secretary Mattis: ""We took the step to suspend several of the largest exercises as a good-faith measure coming out‚Ä¶ https://t.co/5VdOHKTBCq",0.0,0.887,0.113,-0.3182,8
FoxNews,Tue Aug 28 22:37:38 +0000 2018,".@SenatorBerger: ""I think the fairest way to do it is to let the people elect the legislators and let the legislato‚Ä¶ https://t.co/KOlrveb3lO",0.0,1.0,0.0,0.0,9
FoxNews,Tue Aug 28 22:26:59 +0000 2018,Phil Keating reports on the tight gubernatorial race in Florida. #SpecialReport  https://t.co/vRKSDUGh21 https://t.co/07aiV9PzT3,0.0,1.0,0.0,0.0,10
FoxNews,Tue Aug 28 22:20:42 +0000 2018,".@pdoocy reports on today's Arizona @GOP Senate primary, including problems with voting machines. #SpecialReport‚Ä¶ https://t.co/SS3reyYSwW",0.0,0.838,0.162,-0.4019,11
FoxNews,Tue Aug 28 22:13:34 +0000 2018,Parents of baby misdiagnosed with terminal brain condition in utero left fate 'in God's hands'  https://t.co/auuUttgZpU,0.0,1.0,0.0,0.0,12
FoxNews,Tue Aug 28 22:03:25 +0000 2018,"Florida Senate race between Scott, Nelson expected to be competitive and costly. https://t.co/z1qUScfXfV",0.121,0.78,0.099,0.0772,13
FoxNews,Tue Aug 28 21:55:00 +0000 2018,Pope Francis facing calls to resign; sexual abuse scandal exposes rifts in the Vatican. https://t.co/AAQvL8xpIE,0.0,0.5,0.5,-0.875,14
FoxNews,Tue Aug 28 21:49:00 +0000 2018,Texas ex-cop Roy Oliver convicted of murdering unarmed teen Jordan Edwards. https://t.co/68b9xg76dM,0.0,0.719,0.281,-0.6486,15
FoxNews,Tue Aug 28 21:43:00 +0000 2018,California to become first state eliminating bail for suspects awaiting trial. https://t.co/BNqyCuUQU6,0.0,0.821,0.179,-0.34,16
FoxNews,Tue Aug 28 21:35:51 +0000 2018,"Trump factor looms large in the Florida gubernatorial primary.
https://t.co/mIB0pTwNlf",0.0,0.849,0.151,-0.1531,17
FoxNews,Tue Aug 28 21:30:13 +0000 2018,WATCH: Trump 'Red Cards' the Media at White House FIFA Event.  https://t.co/uOIuI6kz7C,0.0,1.0,0.0,0.0,18
FoxNews,Tue Aug 28 21:23:38 +0000 2018,Illinois community wants children's restaurant closed after video of fight goes viral. https://t.co/dMGwxxgQuY,0.0,0.822,0.178,-0.3818,19
FoxNews,Tue Aug 28 21:17:00 +0000 2018,"STDs hit all-time highs in US for fourth straight year, @CDCgov reports. https://t.co/pjFwidIX6Q",0.137,0.863,0.0,0.2263,20
FoxNews,Tue Aug 28 21:13:18 +0000 2018,"Texas man stops woman, 94, driving wrong way down highway. https://t.co/X2J9arVl0z",0.0,0.657,0.343,-0.5719,21
FoxNews,Tue Aug 28 21:02:58 +0000 2018,Arizona election officials work to fix problems with voting machines on primary day. https://t.co/QMoJFL3gn8,0.0,0.828,0.172,-0.4019,22
FoxNews,Tue Aug 28 20:56:49 +0000 2018,".@newtgingrich: ""If the Democrats win control of the House, it'll be a total mess for two solid years."" #Cavuto https://t.co/ojAg5wvCqN",0.226,0.669,0.105,0.4404,23
FoxNews,Tue Aug 28 20:45:00 +0000 2018,".@newtgingrich: ""The left in this country is now in a position where there's not much negotiation. Either they're g‚Ä¶ https://t.co/PJj0t5LdBY",0.0,1.0,0.0,0.0,24
FoxNews,Tue Aug 28 20:42:39 +0000 2018,".@senrobportman: ""I think this [trade] agreement with Mexico is a step in the right direction."" #Cavuto https://t.co/s3SX4So20Q",0.176,0.824,0.0,0.4939,25
FoxNews,Tue Aug 28 20:27:42 +0000 2018,"Cynthia Nixon's team cites sexism over room temperature ahead of Cuomo debate, according to a report. https://t.co/mOUFoia1lo",0.0,1.0,0.0,0.0,26
FoxNews,Tue Aug 28 20:21:41 +0000 2018,Times Square street shut down after bees swarm hot dog stand. https://t.co/p1T6XiKZ2K,0.0,1.0,0.0,0.0,27
FoxNews,Tue Aug 28 20:18:53 +0000 2018,RT @FoxBusiness: AT THE CLOSE: The Nasdaq Composite ends at a new record high for the third consecutive trading day. https://t.co/TFdo1UXGR‚Ä¶,0.0,1.0,0.0,0.0,28
FoxNews,Tue Aug 28 20:10:29 +0000 2018,"Puerto Rico governor raises Hurricane Maria death toll from 64 to 2,975. https://t.co/uUadh2nfce",0.0,0.755,0.245,-0.5994,29
FoxNews,Tue Aug 28 20:04:21 +0000 2018,RT @ShepNewsTeam: Shep is live on Facebook Watch: https://t.co/icjH13MU8v,0.0,1.0,0.0,0.0,30
FoxNews,Tue Aug 28 20:02:23 +0000 2018,.@ShepNewsTeam is live with the ‚ÄòFox News Update‚Äô on Facebook Watch: https://t.co/hNrB8xzepH https://t.co/LPbFC2DBes,0.0,1.0,0.0,0.0,31
FoxNews,Tue Aug 28 19:53:07 +0000 2018,RT @ShepNewsTeam: An independent study reveals a higher death toll linked to Hurricane Maria in Puerto Rico than the government estimated.‚Ä¶,0.0,0.83,0.17,-0.5994,32
FoxNews,Tue Aug 28 19:46:00 +0000 2018,.@POTUS met with FIFA president Gianni Infantino in the Oval Office Tuesday and talked about the 2026 @FIFAWorldCup‚Ä¶ https://t.co/UnGYoFck8v,0.0,1.0,0.0,0.0,33
FoxNews,Tue Aug 28 19:40:30 +0000 2018,"""It'll ultimately be paid for by Mexico."" ‚Äî @POTUS responded to a question Tuesday about funding a U.S.-Mexico bord‚Ä¶ https://t.co/Mh0reHgkbe",0.0,1.0,0.0,0.0,34
FoxNews,Tue Aug 28 19:33:31 +0000 2018,FIFA president Gianni Infantino gave @POTUS a yellow and red card during a meeting at the @WhiteHouse Tuesday https://t.co/8iTnA5feZu,0.0,1.0,0.0,0.0,35
FoxNews,Tue Aug 28 19:22:24 +0000 2018,.@POTUS presented with soccer jerseys during Oval Office meeting on the 2026 @FIFAWorldCup https://t.co/Ixp5xGGWfg,0.0,1.0,0.0,0.0,36
FoxNews,Tue Aug 28 19:18:40 +0000 2018,Arizona election officials report problems with voting machines on primary day https://t.co/XWWSyzeqHI,0.0,0.803,0.197,-0.4019,37
FoxNews,Tue Aug 28 19:10:27 +0000 2018,"Texan says he's selling 3-D printed gun plans, despite ruling https://t.co/7b2AB7nsyy",0.0,0.806,0.194,-0.34,38
FoxNews,Tue Aug 28 19:02:55 +0000 2018,"'He's Full of It': 'Outnumbered' Slams Lanny Davis After He Walks Back Claim About Cohen, Trump &amp; Russia‚Ä¶ https://t.co/a7fPJy2mrU",0.0,1.0,0.0,0.0,39
FoxNews,Tue Aug 28 18:38:08 +0000 2018,".@LindseyGrahamSC remembering Senator John McCain: ""He could be tough but the joy that you received from being with‚Ä¶ https://t.co/vaeHkcRzTD",0.222,0.725,0.053,0.714,40
FoxNews,Tue Aug 28 18:36:55 +0000 2018,".@LindseyGrahamSC remembering Senator John McCain: ""I learned that failure and success are different sides of the s‚Ä¶ https://t.co/vve5ei9RL1",0.161,0.696,0.143,0.1027,41
FoxNews,Tue Aug 28 18:31:38 +0000 2018,".@LindseyGrahamSC on lessons learned from Senator John McCain's service to the country: ""I learned that serving a c‚Ä¶ https://t.co/Qp3jCE3l3x",0.0,1.0,0.0,0.0,42
FoxNews,Tue Aug 28 18:29:56 +0000 2018,".@LindseyGrahamSC on Senator John McCain's concession speech in 2008: ""He healed the nation at a time he was hurt."" https://t.co/Sy5mxhqBQL",0.0,1.0,0.0,0.0,43
FoxNews,Tue Aug 28 18:15:44 +0000 2018,Senator @LindseyGrahamSC pays tribute to the life and legacy of his friend and colleague Senator John McCain.‚Ä¶ https://t.co/4ZIUfbexnh,0.158,0.842,0.0,0.4939,44
FoxNews,Tue Aug 28 18:06:31 +0000 2018,"GOP rep touches off firestorm with claim FBI leaked info, used stories to get FISA warrants https://t.co/umb0G035Cw",0.0,0.874,0.126,-0.3182,45
FoxNews,Tue Aug 28 17:51:58 +0000 2018,Alabama school's hilarious 'opt out' fundraising letter goes viral https://t.co/V5tMaAm8cH,0.231,0.769,0.0,0.4019,46
FoxNews,Tue Aug 28 17:42:55 +0000 2018,".@DarrellIssa on DOJ official Bruce Ohr questioned on contacts with anti-Trump dossier author: ""Bruce Ohr is creati‚Ä¶ https://t.co/pmOJQPOiyN",0.0,0.924,0.076,-0.1027,47
FoxNews,Tue Aug 28 17:31:35 +0000 2018,"Iran's president vows to overcome 'anti-Iranians' in White House, as lawmakers issue public rebuke https://t.co/MIRupiI3bj",0.0,1.0,0.0,0.0,48
FoxNews,Tue Aug 28 17:19:26 +0000 2018,Vets in tech: Silicon Valley must lead the way https://t.co/QrQp8bzmTw,0.0,1.0,0.0,0.0,49
FoxNews,Tue Aug 28 17:02:15 +0000 2018,K-pop band @BTS_twt beats Taylor Swift's YouTube record for most video views in 24 hours with song #IDOL https://t.co/3WYHm6GT5e,0.0,1.0,0.0,0.0,50
FoxNews,Tue Aug 28 16:56:32 +0000 2018,"RT @FoxBusiness: Former President Jimmy Carter: ""I don't talk about impeachment. I think that's the wrong thing for Democrats to do."" https‚Ä¶",0.0,0.866,0.134,-0.4767,51
FoxNews,Tue Aug 28 16:56:22 +0000 2018,"RT @FoxBusiness: Former President Jimmy Carter: ""The president has much less influence over the economy than is certainly publicized by the‚Ä¶",0.107,0.893,0.0,0.34,52
FoxNews,Tue Aug 28 16:55:42 +0000 2018,Arizona star pro athletes to participate in John McCain's funeral https://t.co/P1QHT830i3,0.0,0.8,0.2,-0.3612,53
FoxNews,Tue Aug 28 16:54:47 +0000 2018,OPINION: Trump replaces NAFTA and triumphs -- New trade deal with Mexico is YUGE win for both countries https://t.co/ZWpFE5RDtm,0.286,0.714,0.0,0.7783,54
FoxNews,Tue Aug 28 16:48:42 +0000 2018,"RT @FoxBusiness: Former President Jimmy Carter: ""The markets were very important to me."" https://t.co/7trFQv5lNa",0.139,0.861,0.0,0.2716,55
FoxNews,Tue Aug 28 16:48:36 +0000 2018,"RT @FoxBusiness: Former President Jimmy Carter: ""I think it's been proven that, on a number of occasions, President Trump has made statemen‚Ä¶",0.061,0.939,0.0,0.0772,56
FoxNews,Tue Aug 28 16:48:27 +0000 2018,"RT @FoxBusiness: Former President Jimmy Carter: ""I think we're going through a phase of difficulty. Our country is much more polarized than‚Ä¶",0.0,0.893,0.107,-0.34,57
FoxNews,Tue Aug 28 16:47:44 +0000 2018,"RT @FoxBusiness: Former President Jimmy Carter on @Habitat_org: ""It's very gratifying to us... I feel like we always get more out of it tha‚Ä¶",0.225,0.775,0.0,0.7264,58
FoxNews,Tue Aug 28 16:47:28 +0000 2018,.@adrienneelrod: ‚ÄúHe wanted nominees who would vow to overturn Roe v. Wade.‚Äù https://t.co/QZnCwxyZmA,0.0,1.0,0.0,0.0,59
FoxNews,Tue Aug 28 16:35:29 +0000 2018,"Student arrested for stealing MAGA hat, slapping teacher in profanity-laced tirade https://t.co/WENe16aVd7",0.0,0.595,0.405,-0.7783,60
FoxNews,Tue Aug 28 16:28:26 +0000 2018,Soccer fan's celebration goes viral after ceremonial goal to honor father https://t.co/UB2ElR0Ytq,0.225,0.775,0.0,0.4939,61
FoxNews,Tue Aug 28 16:15:23 +0000 2018,Children's Advil bubble gum flavor recalled due to overdose concerns https://t.co/zcF9CIkF6d,0.0,1.0,0.0,0.0,62
FoxNews,Tue Aug 28 16:12:51 +0000 2018,University founded by George Soros stops courses for refugees due to new tax https://t.co/4y8n7sq4Pt,0.0,0.89,0.11,-0.1531,63
FoxNews,Tue Aug 28 16:09:53 +0000 2018,White House 'taking a look' at regulating Google https://t.co/1V3qcnI5j8,0.0,1.0,0.0,0.0,64
FoxNews,Tue Aug 28 15:53:31 +0000 2018,Doorbell camera captures fireball flashing through the sky in Missouri https://t.co/8HDY7nGiDW,0.0,1.0,0.0,0.0,65
FoxNews,Tue Aug 28 15:45:55 +0000 2018,Ben Affleck's reign as Batman may come to an end due to post-rehab insurance costs https://t.co/EIOzlApvLX,0.0,1.0,0.0,0.0,66
FoxNews,Tue Aug 28 15:43:14 +0000 2018,"Jim Brown Doubles Down on Anthem Stance, Trump Support https://t.co/v852JIeQpr https://t.co/D0IklYopxl",0.213,0.787,0.0,0.4019,67
FoxNews,Tue Aug 28 15:29:05 +0000 2018,"FBI agent says bureau leaked stories, then used them to get FISA warrants https://t.co/UYyjHCFdvc",0.0,0.85,0.15,-0.3182,68
FoxNews,Tue Aug 28 15:25:43 +0000 2018,"Viking Cruises bans children, says clients want kid-free vacations https://t.co/Ux39fljjc4",0.126,0.874,0.0,0.0772,69
FoxNews,Tue Aug 28 15:00:22 +0000 2018,"Bride cancels wedding, breaks up with fianc√© after friends and family refuse to pay for $60K nuptials https://t.co/ImvzSrCzOS",0.137,0.619,0.243,-0.1027,70
FoxNews,Tue Aug 28 14:55:10 +0000 2018,Theresa May busts out dance moves during visit to South Africa https://t.co/XHRKq2kcTh,0.0,1.0,0.0,0.0,71
FoxNews,Tue Aug 28 14:41:59 +0000 2018,WATCH: Bruce Ohr Refuses to Answer Questions From Fox News' Herridge https://t.co/2LyRCpt0Gb,0.0,1.0,0.0,0.0,72
FoxNews,Tue Aug 28 14:33:40 +0000 2018,".@SenatorRounds: ‚ÄúThe administration has taken the correct position suggesting that until we actually see progress,‚Ä¶ https://t.co/oRtUfgKxZb",0.0,1.0,0.0,0.0,73
FoxNews,Tue Aug 28 14:28:59 +0000 2018,Army builds new self-propelled Howitzer - cannon will hit 43.5 miles https://t.co/RJZtIwh07q,0.0,1.0,0.0,0.0,74
FoxNews,Tue Aug 28 14:16:57 +0000 2018,.@SenJohnKennedy: ‚ÄúSenator McCain played outside the pocket. He was a warrior.‚Äù https://t.co/rhurGFJEuh,0.194,0.806,0.0,0.34,75
FoxNews,Tue Aug 28 14:10:10 +0000 2018,"DOJ official Bruce Ohr faces closed-door grilling over Trump dossier, Steele ties https://t.co/OCdo7LVgxB",0.0,1.0,0.0,0.0,76
FoxNews,Tue Aug 28 14:08:43 +0000 2018,"RT @FoxBusiness: .@CommerceGov @SecretaryRoss: ""Right now is not the world's best time to negotiate with China."" https://t.co/59fppH32hT",0.0,0.826,0.174,-0.5216,77
FoxNews,Tue Aug 28 14:07:20 +0000 2018,"RT @FoxBusiness: .@CommerceGov @SecretaryRoss on trade agreement with Mexico: ""One of the purposes is to put wages up in Mexico."" https://t‚Ä¶",0.138,0.862,0.0,0.4939,78
FoxNews,Tue Aug 28 14:07:00 +0000 2018,"RT @FoxBusiness: .@CommerceGov @SecretaryRoss: ""The Canadian economy really can't survive very well without a deal with the U.S. They're to‚Ä¶",0.0,0.899,0.101,-0.2572,79
FoxNews,Tue Aug 28 14:06:44 +0000 2018,"RT @FoxBusiness: .@CommerceGov @SecretaryRoss on trade: ""It's pretty important that we file something very, very promptly."" https://t.co/dk‚Ä¶",0.25,0.75,0.0,0.6124,80
FoxNews,Tue Aug 28 14:06:36 +0000 2018,"RT @FoxBusiness: .@CommerceGov @SecretaryRoss: ""This deal is pretty well put together with Mexico. So the president, as he's indicated, is‚Ä¶",0.227,0.773,0.0,0.6486,81
FoxNews,Tue Aug 28 14:04:40 +0000 2018,Texans star JJ Watt's Hurricane Harvey effort raises record $41.6M https://t.co/ZPnFGrDeUu,0.215,0.785,0.0,0.4084,82
FoxNews,Tue Aug 28 13:43:33 +0000 2018,"'We Should Never Denigrate Our Flag': Jim Brown Doubles Down on Anthem Stance, Trump Support https://t.co/v852JIeQpr",0.153,0.847,0.0,0.4019,83
FoxNews,Tue Aug 28 13:27:11 +0000 2018,Court ruling against North Carolina districts could leave House control in limbo until 2019 https://t.co/m8zBrEPFAL,0.0,0.921,0.079,-0.0516,84
FoxNews,Tue Aug 28 13:02:52 +0000 2018,Tiger Woods' 'respect the office' statement about Trump blasted by ESPN host Max Kellerman https://t.co/SY3SQG545C,0.181,0.819,0.0,0.4767,85
FoxNews,Tue Aug 28 12:56:48 +0000 2018,"Firefighter, another bystander leap into action as gunfire rings out at New Mexico convenience store https://t.co/hQkie0aS5c",0.0,1.0,0.0,0.0,86
FoxNews,Tue Aug 28 12:53:28 +0000 2018,"Larry Kudlow: ‚ÄúOur deal with Mexico shows that free trade, fair trade can be done.‚Äù https://t.co/MQrxqgoQSz",0.286,0.714,0.0,0.6808,87
FoxNews,Tue Aug 28 12:49:38 +0000 2018,Larry Kudlow: ‚ÄúWe would like to make a good deal with Canada.‚Äù https://t.co/XK25f4CbLa,0.351,0.649,0.0,0.6597,88
FoxNews,Tue Aug 28 12:43:16 +0000 2018,"Larry Kudlow: ‚ÄúIt‚Äôs going to promote economic growth, both sides of the border.‚Äù https://t.co/aNaNYGVIFo",0.302,0.698,0.0,0.6369,89
FoxNews,Tue Aug 28 12:35:49 +0000 2018,Jim Brown: ‚ÄúWe should never denigrate our flag and our national anthem.‚Äù https://t.co/Qm8GeEXYKS,0.0,1.0,0.0,0.0,90
FoxNews,Tue Aug 28 12:28:05 +0000 2018,Jim Brown: ‚ÄúThis president is accessible and he‚Äôs different.‚Äù https://t.co/bF25orCsYZ,0.0,1.0,0.0,0.0,91
FoxNews,Tue Aug 28 12:24:04 +0000 2018,"GOP braces for Democratic investigation overload against Trump, if House flips https://t.co/EH02yxp07T",0.0,0.815,0.185,-0.3612,92
FoxNews,Tue Aug 28 12:11:31 +0000 2018,".@LindseyGrahamSC: ‚ÄúHe was my mentor, he was my friend and I feel a real obligation to send him off well and to con‚Ä¶ https://t.co/4OWs5jwtIq",0.209,0.791,0.0,0.6486,93
FoxNews,Tue Aug 28 11:50:39 +0000 2018,.@LindseyGrahamSC: ‚ÄúI‚Äôve seen no evidence of collusion after two years.‚Äù https://t.co/QPhbYbbmJ1,0.0,0.82,0.18,-0.296,94
FoxNews,Tue Aug 28 11:41:27 +0000 2018,3-D printed gun ban extended by judge pending state challenge https://t.co/xesYOH4VxH https://t.co/pRJEECLfli,0.08,0.552,0.368,-0.6908,95
FoxNews,Tue Aug 28 11:40:16 +0000 2018,Seth Rogen's AMC series 'Preacher' features Nazi wearing MAGA hat in season finale https://t.co/meDDxKErUQ,0.0,1.0,0.0,0.0,96
FoxNews,Tue Aug 28 11:25:11 +0000 2018,"Stuart Varney: ‚ÄúIt‚Äôs a win for President Trump, it‚Äôs a win for America.‚Äù https://t.co/ZtMtEKFwIK",0.432,0.568,0.0,0.8225,97
FoxNews,Tue Aug 28 11:09:18 +0000 2018,Florida town of Mayo changes name to 'Miracle Whip' https://t.co/7uX89rMAx5,0.297,0.703,0.0,0.5859,98
FoxNews,Tue Aug 28 11:00:36 +0000 2018,"Drake fan, 11, who got surprise hospital visit from rapper learns she's getting new heart https://t.co/j8G6bsvKh8",0.239,0.761,0.0,0.5267,99
FoxNews,Tue Aug 28 10:58:12 +0000 2018,Kelli Ward apologizes over comments on McCain's medical treatment announcement https://t.co/kXnmpMG2L7,0.2,0.8,0.0,0.3612,100
nytimes,Tue Aug 28 23:41:02 +0000 2018,"RT @joshbarone: Three male principal dancers are out at New York City Ballet: 
- Chase Finlay resigned
- Zachary Catazaro and Amar Ramasar‚Ä¶",0.0,0.909,0.091,-0.25,1
nytimes,Tue Aug 28 23:32:06 +0000 2018,Peter Polansky may be tennis‚Äôs luckiest loser. The Canadian player lost his way into the main draw of all of the Gr‚Ä¶ https://t.co/ScUpCNy0sl,0.132,0.676,0.193,-0.2023,2
nytimes,Tue Aug 28 23:17:47 +0000 2018,"RT @shearm: Also, @realDonaldTrump noted that Pastor Jeffress said Trump is not ""the perfect human being, but he‚Äôs the greatest leader for‚Ä¶",0.209,0.719,0.072,0.7004,3
nytimes,Tue Aug 28 23:17:04 +0000 2018,RT @shearm: UPDATED SCOOP: I‚Äôve added a bit more to my story about @realDonaldTrump remarks to evangelicals after getting more audio. POTUS‚Ä¶,0.104,0.896,0.0,0.3254,4
nytimes,Tue Aug 28 23:12:13 +0000 2018,First election results are coming in from Florida. Follow the vote here. https://t.co/7RamiEZNDR,0.0,1.0,0.0,0.0,5
nytimes,Tue Aug 28 23:02:08 +0000 2018,Evening Briefing: Here's what you need to know at the end of the day https://t.co/FeQdvkHIMy,0.0,1.0,0.0,0.0,6
nytimes,Tue Aug 28 22:47:02 +0000 2018,An ex-CIA officer running for Congress in Virginia accused a GOP super PAC of leaking her security clearance papers‚Ä¶ https://t.co/28boJRpMTa,0.257,0.653,0.09,0.6249,7
nytimes,Tue Aug 28 22:31:06 +0000 2018,RT @tackettdc: A former CIA officer turned House candidate in Virginia says that a Republican-aligned Super Pac improperly disclosed her se‚Ä¶,0.178,0.822,0.0,0.5994,8
nytimes,Tue Aug 28 22:17:05 +0000 2018,Too many bees (and puns) to count at a Times Square hot dog stand https://t.co/blTQ0iuoi9,0.0,1.0,0.0,0.0,9
nytimes,Tue Aug 28 22:00:11 +0000 2018,A white former police officer in Texas was found guilty of murder after fatally shooting 15-year-old Jordan Edwards‚Ä¶ https://t.co/kGBctvVZ8Z,0.0,0.562,0.438,-0.9136,10
nytimes,Tue Aug 28 21:45:01 +0000 2018,An audiotape of President Trump's remarks was provided to The New York Times by someone who attended the event. Her‚Ä¶ https://t.co/aiyIt5m9mV,0.0,1.0,0.0,0.0,11
nytimes,Tue Aug 28 21:32:04 +0000 2018,"RT @cliffordlevy: @NYTMetro @palafo ‚ÄúIn the bees‚Äô brief brush with fame, they attracted hundreds of onlookers and inspired some embarrassin‚Ä¶",0.344,0.656,0.0,0.836,12
nytimes,Tue Aug 28 21:17:06 +0000 2018,What occurs during the life of a plant? Do telomeres play a role in longevity? https://t.co/eXGQGmLLh8,0.175,0.825,0.0,0.4137,13
nytimes,Tue Aug 28 21:00:25 +0000 2018,This Greek-style broiled shrimp recipe is ready in just 10 minutes https://t.co/ki2ksaU0Oe https://t.co/9NRxLEPyir,0.172,0.828,0.0,0.3612,14
nytimes,Tue Aug 28 20:45:08 +0000 2018,"RT @juliehdavis: ""You‚Äôre one election away from losing everything you‚Äôve got,‚Äù Trump told evangelical leaders last night at the White House‚Ä¶",0.0,0.885,0.115,-0.3818,15
nytimes,Tue Aug 28 20:35:39 +0000 2018,"In remarks to evangelical ministers, President Trump spoke about religious liberty, abortion and youth unemployment‚Ä¶ https://t.co/eg16hwGq8Q",0.185,0.815,0.0,0.5267,16
nytimes,Tue Aug 28 20:27:48 +0000 2018,Correction: A previous version of this tweet included a typo. The tweet pictured below has since been deleted. https://t.co/azsF7Lfaew,0.0,1.0,0.0,0.0,17
nytimes,Tue Aug 28 20:18:43 +0000 2018,A books dealer and a library archivist have been accused of stealing about 300 rare books and other artifacts ‚Äî inc‚Ä¶ https://t.co/M9EMmQwipn,0.0,0.742,0.258,-0.7096,18
nytimes,Tue Aug 28 20:15:05 +0000 2018,RT @TimHerrera: We're all afraid to talk about money. Here's how to break the taboo https://t.co/5hcf8aA70H by @thewildwong,0.0,1.0,0.0,0.0,19
nytimes,Tue Aug 28 20:00:14 +0000 2018,"France's environment minister resigned during a live radio interview, saying the government was not doing enough to‚Ä¶ https://t.co/HtnUX4Cp1o",0.0,0.889,0.111,-0.25,20
nytimes,Tue Aug 28 19:45:05 +0000 2018,"‚ÄúAs a Democrat in Arizona, I voted for McCain as senator because I felt he was a leader for all.‚Äù Democratic reader‚Ä¶ https://t.co/638u9MCxU9",0.0,1.0,0.0,0.0,21
nytimes,Tue Aug 28 19:30:05 +0000 2018,"52 Places Traveler: A pilgrimage to Ypres, a small city in Belgium where the remembrance of World War I is ritualiz‚Ä¶ https://t.co/DtbOAnPdZn",0.0,0.822,0.178,-0.5994,22
nytimes,Tue Aug 28 19:15:01 +0000 2018,"Nearly 3,000 more deaths than expected occurred in the months after Hurricane Maria, a new report says https://t.co/f9rgnZT9Tj",0.0,1.0,0.0,0.0,23
nytimes,Tue Aug 28 19:07:05 +0000 2018,"RT @thunderwooddd: Today's the day! More than 20,000 people applied to work with me on The Edit, a @nytimes newsletter for college students‚Ä¶",0.0,1.0,0.0,0.0,24
nytimes,Tue Aug 28 19:00:08 +0000 2018,"Over the years, Ethan Hawke somehow worn his critics down with his earnestness and his dedication and his sincerity‚Ä¶ https://t.co/fMFjE1rMZ1",0.0,0.804,0.196,-0.5267,25
nytimes,Tue Aug 28 18:55:28 +0000 2018,RT @NYTmag: Bees love protein patties. https://t.co/RcSjKfDQ0k https://t.co/TzxcHxonkF,0.375,0.625,0.0,0.6369,26
nytimes,Tue Aug 28 18:45:05 +0000 2018,"‚ÄúThe reason Elon seems to attract drama is that he is so transparent, so open, in a way that can come back to bite‚Ä¶ https://t.co/8O6BlhFGCy",0.098,0.902,0.0,0.3612,27
nytimes,Tue Aug 28 18:30:06 +0000 2018,From cocktail hideways to a taste of West Africa: Here are 15 fall New York City restaurant openings you should kno‚Ä¶ https://t.co/L4EmLPJb3K,0.0,1.0,0.0,0.0,28
nytimes,Tue Aug 28 18:25:06 +0000 2018,RT @tmagazine: How the common weed has grown on florists (and chefs) https://t.co/E36G3I26pW https://t.co/tssJmLiE4D,0.0,1.0,0.0,0.0,29
nytimes,Tue Aug 28 18:22:58 +0000 2018,"""We were two journalists with four cameras, a microphone, a tripod and notebooks trying to be unobtrusive amid the‚Ä¶ https://t.co/t9v50qS1c0",0.0,1.0,0.0,0.0,30
nytimes,Tue Aug 28 18:15:07 +0000 2018,Canada's foreign minister rushed to Washington as top trade officials reiterated that the U.S. is prepared to leave‚Ä¶ https://t.co/Tu9USBNbGn,0.179,0.821,0.0,0.4019,31
nytimes,Tue Aug 28 18:04:04 +0000 2018,Oklahoma primary runoff election results. Follow along here. https://t.co/0fkYghQPMh,0.0,1.0,0.0,0.0,32
nytimes,Tue Aug 28 18:02:03 +0000 2018,Arizona primary election results. Follow along here. https://t.co/xRVhugVtxE,0.0,1.0,0.0,0.0,33
nytimes,Tue Aug 28 18:00:08 +0000 2018,Florida primary election results. Follow along here. https://t.co/FxaswRkfwi,0.0,1.0,0.0,0.0,34
nytimes,Tue Aug 28 17:30:08 +0000 2018,"RT @adeelnyt: Emmett Till, 14, entered a white-owned store in Money, Miss. for less than one minute. It cost him his life 63 years ago toda‚Ä¶",0.0,0.938,0.062,-0.1531,35
nytimes,Tue Aug 28 17:20:06 +0000 2018,"The president of the French Tennis Federation said Serena Williams' catsuit ""didn't respect the game."" But that rai‚Ä¶ https://t.co/OByhj6OrgN",0.0,0.91,0.09,-0.1967,36
nytimes,Tue Aug 28 17:10:09 +0000 2018,RT @ShaneGoldmacher: Some context on this: Cuomo keeps his offices icy cool. The NYT first wrote about it (hey @Liz_A_Harris: https://t.co/‚Ä¶,0.103,0.897,0.0,0.3182,37
nytimes,Tue Aug 28 17:00:06 +0000 2018,Our Moscow correspondent examines how the Kremlin and its propaganda machine cast John McCain as the central protag‚Ä¶ https://t.co/bW4ZpPWlb0,0.0,0.9,0.1,-0.25,38
nytimes,Tue Aug 28 16:45:04 +0000 2018,"In Opinion

Jack Shenker writes, ""Since the Brexit referendum, we‚Äôve seen the emergence of a host of abstract nouns‚Ä¶ https://t.co/SO2I55ALq5",0.0,1.0,0.0,0.0,39
nytimes,Tue Aug 28 16:40:07 +0000 2018,"RT @nytimesarts: Earlier this year, Abby Schachner ‚Äî one of five women who came forward to detail Louis C.K.'s inappropriate behavior ‚Äî spo‚Ä¶",0.0,1.0,0.0,0.0,40
nytimes,Tue Aug 28 16:30:09 +0000 2018,"RT @NYTmag: ""Serena‚Äôs excellence comes with the ability to imagine herself achieving a new kind of history for all of us."" https://t.co/9dr‚Ä¶",0.252,0.748,0.0,0.7506,41
nytimes,Tue Aug 28 16:15:10 +0000 2018,You know that study that said no amount of alcohol is safe to drink? It's more complicated than you think. https://t.co/87fPUJmOW0,0.12,0.788,0.091,0.1779,42
nytimes,Tue Aug 28 16:00:13 +0000 2018,Andrew Cuomo and Cynthia Nixon are set to have their first and only debate on Wednesday. But before they even take‚Ä¶ https://t.co/XWwD2vVRID,0.0,1.0,0.0,0.0,43
nytimes,Tue Aug 28 15:52:01 +0000 2018,Day 2 of the U.S. Open has started. Here's what to watch. https://t.co/DGwnJ7vHT0,0.0,1.0,0.0,0.0,44
nytimes,Tue Aug 28 15:45:10 +0000 2018,"A group of students is suing Stanford, alleging that after reporting suicidal thoughts, they were required to withd‚Ä¶ https://t.co/MmGMhOz9pK",0.0,0.708,0.292,-0.765,45
nytimes,Tue Aug 28 15:30:08 +0000 2018,Cultural treasures and art ‚Äî¬†including Neil Armstrong's spacesuit ‚Äî¬†are slowly disintegrating as the plastic that c‚Ä¶ https://t.co/lcBCIlktQ9,0.149,0.851,0.0,0.4215,46
nytimes,Tue Aug 28 15:20:07 +0000 2018,Rotten Tomatoes has added 200 more critics in an effort to be more inclusive to female and minority voices https://t.co/6geGHOeBxm,0.0,0.757,0.243,-0.6997,47
nytimes,Tue Aug 28 15:10:07 +0000 2018,"Mysticism is taking over the internet, from astrology memes to Instagram crystals. Is it all nonsense or a much-nee‚Ä¶ https://t.co/xbSMCqKb7z",0.0,0.87,0.13,-0.4019,48
nytimes,Tue Aug 28 15:00:09 +0000 2018,"RT @nytimesworld: When an 11-year-old Dutch schoolboy was murdered in 1998, no DNA matches were found for a potential suspect. Now, a natio‚Ä¶",0.0,0.672,0.328,-0.8316,49
nytimes,Tue Aug 28 14:44:05 +0000 2018,"A group of migrants were caught illegally entering the Australian mainland by sea this week, after they survived a‚Ä¶ https://t.co/d73rMlrDY6",0.155,0.845,0.0,0.5106,50
nytimes,Tue Aug 28 14:29:03 +0000 2018,"Over a few short August days, all the anxiety and rage of 1968 exploded in the streets of Chicago. Fifty years late‚Ä¶ https://t.co/jf18FKvpn2",0.0,0.791,0.209,-0.6486,51
nytimes,Tue Aug 28 14:00:07 +0000 2018,President Trump attacked Google for what he claimed was an effort to intentionally suppress conservative views supp‚Ä¶ https://t.co/qqGRsthAEG,0.0,0.85,0.15,-0.4588,52
nytimes,Tue Aug 28 13:50:03 +0000 2018,Charles Kushner and Michael Cohen face scrutiny in New York for claims that they falsified construction permits in‚Ä¶ https://t.co/kpc42w8BUq,0.0,0.874,0.126,-0.3818,53
nytimes,Tue Aug 28 13:40:03 +0000 2018,"Louis C.K., who admitted to sexual misconduct last year, was greeted with an ovation at the Comedy Cellar on Sunday‚Ä¶ https://t.co/LBH63RlLhE",0.25,0.75,0.0,0.6124,54
nytimes,Tue Aug 28 13:15:08 +0000 2018,Talking about money is important. So how do we begin?https://t.co/t1egXSyjy4,0.167,0.833,0.0,0.2023,55
nytimes,Tue Aug 28 13:00:08 +0000 2018,Morning Briefing: Here's what you need to know to start your day https://t.co/26TQMgidy4 https://t.co/hSEYsnMRx3,0.0,1.0,0.0,0.0,56
nytimes,Tue Aug 28 12:45:04 +0000 2018,Scientists from the University of Delaware have created a hearing test for ducks. Here's what they found. https://t.co/YPm3iEa4Og,0.111,0.889,0.0,0.25,57
nytimes,Tue Aug 28 12:30:17 +0000 2018,This commuter bus took nearly 3 hours to get to Manhattan. It was the express. https://t.co/LsiEF1PsKh https://t.co/EdxzmyW7IR,0.0,1.0,0.0,0.0,58
nytimes,Tue Aug 28 12:14:04 +0000 2018,An ideologically motivated opposition has weaponized the church's sex abuse crisis to threaten not only Francis' ag‚Ä¶ https://t.co/ivdGC6GGCm,0.108,0.502,0.391,-0.836,59
nytimes,Tue Aug 28 12:01:04 +0000 2018,"Protesters flashing Nazi salutes and shouting ""Foreigners out"" clashed Monday night with counterdemonstrators chant‚Ä¶ https://t.co/MS070RKoNq",0.0,0.881,0.119,-0.2263,60
nytimes,Tue Aug 28 11:44:06 +0000 2018,"""Our mothers here, they come for help,"" a pediatrician said. ""And you pity them. You can't do anything."" https://t.co/7Jd2v253xi",0.0,0.885,0.115,-0.296,61
nytimes,Tue Aug 28 11:31:05 +0000 2018,Joe Arpaio grimaced as he called himself ‚Äústupid‚Äù for being pranked by Sacha Baron Cohen. He thundered against poll‚Ä¶ https://t.co/XQU1pAq6Iv,0.0,0.864,0.136,-0.4588,62
nytimes,Tue Aug 28 11:21:05 +0000 2018,The war inside the Catholic Church https://t.co/6RtEAqXbwJ https://t.co/ZsMXbFcJCk,0.0,0.642,0.358,-0.5994,63
nytimes,Tue Aug 28 11:10:05 +0000 2018,Arizona and Florida have primaries today. Here are the most interesting races to watch. https://t.co/CzAD0zzyWr,0.176,0.824,0.0,0.4576,64
nytimes,Tue Aug 28 11:00:11 +0000 2018,Thousands of Americans will turn out this week to honor and reflect on Senator John McCain's life. Here's how to pa‚Ä¶ https://t.co/Q7KZOoP5HV,0.132,0.868,0.0,0.4939,65
nytimes,Tue Aug 28 10:45:07 +0000 2018,Morning¬†Briefing: Here's what you need to know to start your day https://t.co/lH3IdfwKWR https://t.co/R8QBWpo21b,0.0,1.0,0.0,0.0,66
nytimes,Tue Aug 28 10:31:03 +0000 2018,An archbishop released a letter claiming that Pope Francis knew of sexual misconduct by Cardinal Theodore McCarrick‚Ä¶ https://t.co/N0sqJ0xMtD,0.0,1.0,0.0,0.0,67
nytimes,Tue Aug 28 10:15:03 +0000 2018,"""I lived and died a proud American."" Senator John McCain's farewell statement: https://t.co/rjtL3BgGvQ",0.186,0.599,0.216,-0.128,68
nytimes,Tue Aug 28 10:00:08 +0000 2018,RT @nytimesworld: Their relatives died in the drug war in the Philippines. Now they want to hold Rodrigo Duterte accountable. https://t.co/‚Ä¶,0.049,0.672,0.28,-0.802,69
nytimes,Tue Aug 28 09:45:04 +0000 2018,‚ÄúMagic Mike‚Äù and the ‚Äú50 Shades of Grey‚Äù franchise have helped make male ogling big business in recent years. But m‚Ä¶ https://t.co/Srbz4pft5w,0.0,1.0,0.0,0.0,70
nytimes,Tue Aug 28 09:30:04 +0000 2018,A wave of designer probiotic pills and powders is based on the idea that perfect skin may be linked to your tummy https://t.co/f5QL9ny2wz,0.15,0.85,0.0,0.5719,71
nytimes,Tue Aug 28 09:15:06 +0000 2018,"Russia's highest-profile opposition leader, Aleksei Navalny, was sentenced to 30 days in jail for a protest that ha‚Ä¶ https://t.co/FVCK1pROSP",0.0,0.838,0.162,-0.2732,72
nytimes,Tue Aug 28 09:00:11 +0000 2018,The 17th-seeded Serena Williams returned to the United States Open with a fairly routine win https://t.co/8TZOKzL1Dx,0.337,0.663,0.0,0.765,73
nytimes,Tue Aug 28 08:30:10 +0000 2018,"Quit avocado. Choose bikes, not taxis. Don‚Äôt have kids. China‚Äôs consumers are downgrading, and the world could feel‚Ä¶ https://t.co/oKouxZlBse",0.0,1.0,0.0,0.0,74
nytimes,Tue Aug 28 08:15:03 +0000 2018,"The pope‚Äôs vague answer has only heightened public interest, particularly in the core accusation ‚Äî that he was told‚Ä¶ https://t.co/9BXEsTZ02a",0.134,0.714,0.152,0.1531,75
nytimes,Tue Aug 28 08:00:10 +0000 2018,"For over a year, the Chinese government has withheld lab samples of a rapidly evolving influenza virus from the Uni‚Ä¶ https://t.co/HbZUnD7QLl",0.0,1.0,0.0,0.0,76
nytimes,Tue Aug 28 07:45:06 +0000 2018,A key ally of South Korea's leader is accused of working with online bloggers to try to illegally manipulate public‚Ä¶ https://t.co/ReWRaaSVGu,0.0,0.896,0.104,-0.296,77
nytimes,Tue Aug 28 07:30:03 +0000 2018,"For the first time in nearly 4 years, a group of migrants were caught illegally entering the Australian mainland by‚Ä¶ https://t.co/7azRPhGoHi",0.0,1.0,0.0,0.0,78
nytimes,Tue Aug 28 07:15:06 +0000 2018,North Korean state media criticized the United States for ‚Äúextremely provocative and dangerous military moves‚Äù in P‚Ä¶ https://t.co/pL89wK6OMn,0.12,0.641,0.239,-0.4215,79
nytimes,Tue Aug 28 07:00:07 +0000 2018,"We‚Äôre discouraged from talking about money at every turn, but if you want to fix your financial situation, talking‚Ä¶ https://t.co/V26CxkElax",0.068,0.845,0.087,-0.1027,80
nytimes,Tue Aug 28 06:45:05 +0000 2018,"The cave bear, extinct for thousands of years, lives on in today's brown bears, a new study shows. ""Extinction does‚Ä¶ https://t.co/3FtRUbUKCp",0.0,1.0,0.0,0.0,81
nytimes,Tue Aug 28 06:39:33 +0000 2018,RT @suhasiniraj: We met Gajendran in the hospital a couple of months back. He was beaten up alongside his mother in law Rukmini who died th‚Ä¶,0.0,0.782,0.218,-0.7506,82
nytimes,Tue Aug 28 06:30:00 +0000 2018,"RT @jotted: ""Given that this flu virus is a potential threat to humanity, not sharing it immediately with the global network of W.H.O. labo‚Ä¶",0.0,0.696,0.304,-0.8286,83
nytimes,Tue Aug 28 06:15:04 +0000 2018,A yoga ball filled with carbon monoxide. An affair between a professor and his student. A dead wife and daughter. https://t.co/53uAXV0537,0.0,0.798,0.202,-0.6486,84
nytimes,Tue Aug 28 06:00:01 +0000 2018,üó£Ô∏è Can I live? https://t.co/vQHttgrqny,0.0,1.0,0.0,0.0,85
nytimes,Tue Aug 28 05:45:03 +0000 2018,"‚ÄúThis was the biggest DNA investigation in the Netherlands so far, and we‚Äôre proud of it.‚Äù An inquiry using DNA fro‚Ä¶ https://t.co/zxpPIO4PRv",0.129,0.871,0.0,0.4767,86
nytimes,Tue Aug 28 05:30:08 +0000 2018,"‚ÄúI cannot imagine any metric in which an agreement between the U.S. and Mexico can be the largest,‚Äù a trade expert https://t.co/KOEkSnh1Np",0.138,0.862,0.0,0.4939,87
nytimes,Tue Aug 28 05:15:05 +0000 2018,"In a remarkable break from usual decorum, American Catholic leaders are in open conflict over the explosive allegat‚Ä¶ https://t.co/JTnElx2sMx",0.164,0.731,0.105,0.3182,88
nytimes,Tue Aug 28 05:04:31 +0000 2018,"Brands are reintroducing products for new generations. ‚ÄúWhat‚Äôs old is new again."" https://t.co/a8BZYz05BV",0.0,1.0,0.0,0.0,89
nytimes,Tue Aug 28 04:47:05 +0000 2018,"RT @nytopinion: ‚ÄúThe church was in every part of my life. That moment in Galway [in 1979] when the pope said, ‚ÄòYoung people of Ireland, I l‚Ä¶",0.0,1.0,0.0,0.0,90
nytimes,Tue Aug 28 04:32:07 +0000 2018,"By experimenting with tiny textures, scientists may have found a way to reduce the impact of barnacles, which add b‚Ä¶ https://t.co/AJdQ8posnu",0.0,1.0,0.0,0.0,91
nytimes,Tue Aug 28 04:17:08 +0000 2018,"RT @viaSimonRomero: I interviewed Joe Arpaio in Arizona &amp; we discussed many things, among them the pummeling he‚Äôs taking in the Senate race‚Ä¶",0.0,1.0,0.0,0.0,92
nytimes,Tue Aug 28 04:02:05 +0000 2018,"Louis C.K. made an unannounced appearance at a New York City comedy club, performing there for the first time since‚Ä¶ https://t.co/dZtIfKiGXJ",0.116,0.884,0.0,0.3612,93
nytimes,Tue Aug 28 03:47:06 +0000 2018,The student loan watchdog blasted the Trump administration for protecting predatory lenders at the expense of borro‚Ä¶ https://t.co/vu5y0UDb7y,0.0,1.0,0.0,0.0,94
nytimes,Tue Aug 28 03:32:02 +0000 2018,"Rose McGowan, one of the leading voices of the #MeToo movement, has spoken out on the Asia Argento allegations. She‚Ä¶ https://t.co/5iPVaJnCHA",0.0,1.0,0.0,0.0,95
nytimes,Tue Aug 28 03:17:03 +0000 2018,"RT @katierogers: The president ignored pleas from top advisers, including VP Pence, Kelly, Sanders and Shine to issue a unifying and prompt‚Ä¶",0.078,0.823,0.1,-0.128,96
nytimes,Tue Aug 28 03:02:06 +0000 2018,Why did the interview with Sarah Palin never air on Sacha Baron Cohen‚Äôs ‚ÄúWho Is America?‚Äù Showtime isn‚Äôt saying. https://t.co/GhaJuMambb,0.0,1.0,0.0,0.0,97
nytimes,Tue Aug 28 02:52:16 +0000 2018,"RT @nytimes: @mschwirtz Nearly 2 dozen Rohingya refugees say one Buddhist neighbor, above all, is responsible for the mass slaughter in the‚Ä¶",0.103,0.897,0.0,0.3182,98
nytimes,Tue Aug 28 02:48:23 +0000 2018,"@mschwirtz Nearly 2 dozen Rohingya refugees say one Buddhist neighbor, above all, is responsible for the mass slaug‚Ä¶ https://t.co/k5Z7iwN3Iq",0.119,0.881,0.0,0.3182,99
nytimes,Tue Aug 28 02:47:03 +0000 2018,RT @mschwirtz: The Rohingya of one Myanmar village know the man who raped and tortured them for years. They say he helped soldiers torch th‚Ä¶,0.0,0.737,0.263,-0.8481,100
